Record Length,2000,Points,-39.55200009E-6,849.000036716E-3,
Sample Interval,31.99999909E-9,s,-39.52000043E-6,849.000036716E-3,
Trigger Point,1.2360001E3,Samples,-39.48800077E-6,849.000036716E-3,
,,,-39.45600110E-6,849.000036716E-3,
,,,-39.42400144E-6,849.000036716E-3,
,,,-39.39200178E-6,849.000036716E-3,
Source,CH1,,-39.35999848E-6,849.000036716E-3,
Vertical Units,V,,-39.32799882E-6,849.000036716E-3,
Vertical Scale,100.0000047E-3,,-39.29599916E-6,849.000036716E-3,
Vertical Offset,0.075,,-39.26399950E-6,849.000036716E-3,
Horizontal Units,s,,-39.23199984E-6,849.000036716E-3,
Horizontal Scale,6.39999982E-6,,-39.20000017E-6,849.000036716E-3,
Pt Fmt,Y,,-39.16800051E-6,849.000036716E-3,
Yzero,-2.7000000,,-39.13600085E-6,849.000036716E-3,
,,,-39.10400119E-6,849.000036716E-3,
,,,-39.07200153E-6,849.000036716E-3,
Note,TBS1102C - 11:18:07   2024-11-01,,-39.04000187E-6,849.000036716E-3,
,,,-39.00799857E-6,849.000036716E-3,
,,,-38.97599890E-6,849.000036716E-3,
,,,-38.94399924E-6,849.000036716E-3,
,,,-38.91199958E-6,849.000036716E-3,
,,,-38.87999992E-6,849.000036716E-3,
,,,-38.84800026E-6,849.000036716E-3,
,,,-38.81600060E-6,849.000036716E-3,
,,,-38.78400094E-6,849.000036716E-3,
,,,-38.75200127E-6,849.000036716E-3,
,,,-38.72000161E-6,849.000036716E-3,
,,,-38.68799831E-6,849.000036716E-3,
,,,-38.65599865E-6,849.000036716E-3,
,,,-38.62399899E-6,849.000036716E-3,
,,,-38.59199933E-6,849.000036716E-3,
,,,-38.55999967E-6,849.000036716E-3,
,,,-38.52800000E-6,849.000036716E-3,
,,,-38.49600034E-6,849.000036716E-3,
,,,-38.46400068E-6,849.000036716E-3,
,,,-38.43200102E-6,849.000036716E-3,
,,,-38.40000136E-6,849.000036716E-3,
,,,-38.36800170E-6,849.000036716E-3,
,,,-38.33599840E-6,849.000036716E-3,
,,,-38.30399874E-6,849.000036716E-3,
,,,-38.27199907E-6,849.000036716E-3,
,,,-38.23999941E-6,849.000036716E-3,
,,,-38.20799975E-6,849.000036716E-3,
,,,-38.17600009E-6,849.000036716E-3,
,,,-38.14400043E-6,849.000036716E-3,
,,,-38.11200077E-6,849.000036716E-3,
,,,-38.08000110E-6,849.000036716E-3,
,,,-38.04800144E-6,849.000036716E-3,
,,,-38.01600178E-6,849.000036716E-3,
,,,-37.98399848E-6,849.000036716E-3,
,,,-37.95199882E-6,849.000036716E-3,
,,,-37.91999916E-6,849.000036716E-3,
,,,-37.88799950E-6,849.000036716E-3,
,,,-37.85599984E-6,849.000036716E-3,
,,,-37.82400017E-6,849.000036716E-3,
,,,-37.79200051E-6,849.000036716E-3,
,,,-37.76000085E-6,849.000036716E-3,
,,,-37.72800119E-6,849.000036716E-3,
,,,-37.69600153E-6,849.000036716E-3,
,,,-37.66400187E-6,849.000036716E-3,
,,,-37.63199857E-6,849.000036716E-3,
,,,-37.59999890E-6,849.000036716E-3,
,,,-37.56799924E-6,849.000036716E-3,
,,,-37.53599958E-6,849.000036716E-3,
,,,-37.50399992E-6,849.000036716E-3,
,,,-37.47200026E-6,849.000036716E-3,
,,,-37.44000060E-6,849.000036716E-3,
,,,-37.40800094E-6,849.000036716E-3,
,,,-37.37600127E-6,849.000036716E-3,
,,,-37.34400161E-6,849.000036716E-3,
,,,-37.31200195E-6,849.000036716E-3,
,,,-37.27999865E-6,849.000036716E-3,
,,,-37.24799899E-6,849.000036716E-3,
,,,-37.21599933E-6,849.000036716E-3,
,,,-37.18399967E-6,849.000036716E-3,
,,,-37.15200000E-6,849.000036716E-3,
,,,-37.12000034E-6,849.000036716E-3,
,,,-37.08800068E-6,849.000036716E-3,
,,,-37.05600102E-6,849.000036716E-3,
,,,-37.02400136E-6,849.000036716E-3,
,,,-36.99200170E-6,849.000036716E-3,
,,,-36.95999840E-6,849.000036716E-3,
,,,-36.92799874E-6,849.000036716E-3,
,,,-36.89599907E-6,849.000036716E-3,
,,,-36.86399941E-6,849.000036716E-3,
,,,-36.83199975E-6,849.000036716E-3,
,,,-36.80000009E-6,849.000036716E-3,
,,,-36.76800043E-6,849.000036716E-3,
,,,-36.73600077E-6,849.000036716E-3,
,,,-36.70400110E-6,849.000036716E-3,
,,,-36.67200144E-6,849.000036716E-3,
,,,-36.64000178E-6,849.000036716E-3,
,,,-36.60799848E-6,849.000036716E-3,
,,,-36.57599882E-6,849.000036716E-3,
,,,-36.54399916E-6,849.000036716E-3,
,,,-36.51199950E-6,849.000036716E-3,
,,,-36.47999984E-6,849.000036716E-3,
,,,-36.44800017E-6,849.000036716E-3,
,,,-36.41600051E-6,849.000036716E-3,
,,,-36.38400085E-6,849.000036716E-3,
,,,-36.35200119E-6,849.000036716E-3,
,,,-36.32000153E-6,849.000036716E-3,
,,,-36.28800187E-6,849.000036716E-3,
,,,-36.25599857E-6,849.000036716E-3,
,,,-36.22399890E-6,849.000036716E-3,
,,,-36.19199924E-6,849.000036716E-3,
,,,-36.15999958E-6,849.000036716E-3,
,,,-36.12799992E-6,849.000036716E-3,
,,,-36.09600026E-6,849.000036716E-3,
,,,-36.06400060E-6,849.000036716E-3,
,,,-36.03200093E-6,849.000036716E-3,
,,,-36.00000127E-6,849.000036716E-3,
,,,-35.96800161E-6,849.000036716E-3,
,,,-35.93600195E-6,849.000036716E-3,
,,,-35.90399865E-6,849.000036716E-3,
,,,-35.87199899E-6,849.000036716E-3,
,,,-35.83999933E-6,849.000036716E-3,
,,,-35.80799967E-6,849.000036716E-3,
,,,-35.77600000E-6,849.000036716E-3,
,,,-35.74400034E-6,849.000036716E-3,
,,,-35.71200068E-6,849.000036716E-3,
,,,-35.68000102E-6,849.000036716E-3,
,,,-35.64800136E-6,849.000036716E-3,
,,,-35.61600170E-6,849.000036716E-3,
,,,-35.58399840E-6,849.000036716E-3,
,,,-35.55199874E-6,849.000036716E-3,
,,,-35.51999907E-6,849.000036716E-3,
,,,-35.48799941E-6,849.000036716E-3,
,,,-35.45599975E-6,849.000036716E-3,
,,,-35.42400009E-6,849.000036716E-3,
,,,-35.39200043E-6,849.000036716E-3,
,,,-35.36000077E-6,849.000036716E-3,
,,,-35.32800110E-6,849.000036716E-3,
,,,-35.29600144E-6,849.000036716E-3,
,,,-35.26400178E-6,849.000036716E-3,
,,,-35.23199848E-6,849.000036716E-3,
,,,-35.19999882E-6,849.000036716E-3,
,,,-35.16799916E-6,849.000036716E-3,
,,,-35.13599950E-6,849.000036716E-3,
,,,-35.10399983E-6,849.000036716E-3,
,,,-35.07200017E-6,849.000036716E-3,
,,,-35.04000051E-6,849.000036716E-3,
,,,-35.00800085E-6,849.000036716E-3,
,,,-34.97600119E-6,849.000036716E-3,
,,,-34.94400153E-6,849.000036716E-3,
,,,-34.91200187E-6,849.000036716E-3,
,,,-34.87999857E-6,849.000036716E-3,
,,,-34.84799890E-6,849.000036716E-3,
,,,-34.81599924E-6,849.000036716E-3,
,,,-34.78399958E-6,849.000036716E-3,
,,,-34.75199992E-6,849.000036716E-3,
,,,-34.72000026E-6,849.000036716E-3,
,,,-34.68800060E-6,849.000036716E-3,
,,,-34.65600093E-6,849.000036716E-3,
,,,-34.62400127E-6,849.000036716E-3,
,,,-34.59200161E-6,849.000036716E-3,
,,,-34.56000195E-6,849.000036716E-3,
,,,-34.52799865E-6,849.000036716E-3,
,,,-34.49599899E-6,849.000036716E-3,
,,,-34.46399933E-6,849.000036716E-3,
,,,-34.43199967E-6,849.000036716E-3,
,,,-34.40000000E-6,849.000036716E-3,
,,,-34.36800034E-6,849.000036716E-3,
,,,-34.33600068E-6,849.000036716E-3,
,,,-34.30400102E-6,849.000036716E-3,
,,,-34.27200136E-6,849.000036716E-3,
,,,-34.24000170E-6,849.000036716E-3,
,,,-34.20800203E-6,849.000036716E-3,
,,,-34.17599874E-6,849.000036716E-3,
,,,-34.14399907E-6,849.000036716E-3,
,,,-34.11199941E-6,849.000036716E-3,
,,,-34.07999975E-6,849.000036716E-3,
,,,-34.04800009E-6,849.000036716E-3,
,,,-34.01600043E-6,849.000036716E-3,
,,,-33.98400077E-6,849.000036716E-3,
,,,-33.95200110E-6,849.000036716E-3,
,,,-33.92000144E-6,849.000036716E-3,
,,,-33.88800178E-6,849.000036716E-3,
,,,-33.85599848E-6,849.000036716E-3,
,,,-33.82399882E-6,849.000036716E-3,
,,,-33.79199916E-6,849.000036716E-3,
,,,-33.75999950E-6,849.000036716E-3,
,,,-33.72799983E-6,849.000036716E-3,
,,,-33.69600017E-6,849.000036716E-3,
,,,-33.66400051E-6,849.000036716E-3,
,,,-33.63200085E-6,849.000036716E-3,
,,,-33.60000119E-6,849.000036716E-3,
,,,-33.56800153E-6,849.000036716E-3,
,,,-33.53600187E-6,849.000036716E-3,
,,,-33.50399857E-6,849.000036716E-3,
,,,-33.47199890E-6,849.000036716E-3,
,,,-33.43999924E-6,849.000036716E-3,
,,,-33.40799958E-6,849.000036716E-3,
,,,-33.37599992E-6,849.000036716E-3,
,,,-33.34400026E-6,849.000036716E-3,
,,,-33.31200060E-6,849.000036716E-3,
,,,-33.28000093E-6,849.000036716E-3,
,,,-33.24800127E-6,849.000036716E-3,
,,,-33.21600161E-6,849.000036716E-3,
,,,-33.18400195E-6,849.000036716E-3,
,,,-33.15199865E-6,849.000036716E-3,
,,,-33.11999899E-6,849.000036716E-3,
,,,-33.08799933E-6,849.000036716E-3,
,,,-33.05599967E-6,849.000036716E-3,
,,,-33.02400000E-6,849.000036716E-3,
,,,-32.99200034E-6,849.000036716E-3,
,,,-32.96000068E-6,849.000036716E-3,
,,,-32.92800102E-6,849.000036716E-3,
,,,-32.89600136E-6,849.000036716E-3,
,,,-32.86400170E-6,849.000036716E-3,
,,,-32.83200203E-6,849.000036716E-3,
,,,-32.79999873E-6,849.000036716E-3,
,,,-32.76799907E-6,849.000036716E-3,
,,,-32.73599941E-6,849.000036716E-3,
,,,-32.70399975E-6,849.000036716E-3,
,,,-32.67200009E-6,849.000036716E-3,
,,,-32.64000043E-6,849.000036716E-3,
,,,-32.60800077E-6,849.000036716E-3,
,,,-32.57600110E-6,849.000036716E-3,
,,,-32.54400144E-6,849.000036716E-3,
,,,-32.51200178E-6,849.000036716E-3,
,,,-32.47999848E-6,849.000036716E-3,
,,,-32.44799882E-6,849.000036716E-3,
,,,-32.41599916E-6,849.000036716E-3,
,,,-32.38399950E-6,849.000036716E-3,
,,,-32.35199983E-6,849.000036716E-3,
,,,-32.32000017E-6,849.000036716E-3,
,,,-32.28800051E-6,849.000036716E-3,
,,,-32.25600085E-6,849.000036716E-3,
,,,-32.22400119E-6,849.000036716E-3,
,,,-32.19200153E-6,849.000036716E-3,
,,,-32.16000187E-6,849.000036716E-3,
,,,-32.12799857E-6,849.000036716E-3,
,,,-32.09599890E-6,849.000036716E-3,
,,,-32.06399924E-6,849.000036716E-3,
,,,-32.03199958E-6,849.000036716E-3,
,,,-31.99999992E-6,849.000036716E-3,
,,,-31.96800026E-6,849.000036716E-3,
,,,-31.93600060E-6,849.000036716E-3,
,,,-31.90400093E-6,849.000036716E-3,
,,,-31.87200127E-6,849.000036716E-3,
,,,-31.84000161E-6,849.000036716E-3,
,,,-31.80800195E-6,849.000036716E-3,
,,,-31.77599865E-6,849.000036716E-3,
,,,-31.74399899E-6,849.000036716E-3,
,,,-31.71199933E-6,849.000036716E-3,
,,,-31.67999967E-6,849.000036716E-3,
,,,-31.64800000E-6,849.000036716E-3,
,,,-31.61600034E-6,849.000036716E-3,
,,,-31.58400068E-6,849.000036716E-3,
,,,-31.55200102E-6,849.000036716E-3,
,,,-31.52000136E-6,849.000036716E-3,
,,,-31.48800170E-6,849.000036716E-3,
,,,-31.45600203E-6,849.000036716E-3,
,,,-31.42399873E-6,849.000036716E-3,
,,,-31.39199907E-6,849.000036716E-3,
,,,-31.35999941E-6,849.000036716E-3,
,,,-31.32799975E-6,849.000036716E-3,
,,,-31.29600009E-6,849.000036716E-3,
,,,-31.26400043E-6,849.000036716E-3,
,,,-31.23200077E-6,849.000036716E-3,
,,,-31.20000110E-6,849.000036716E-3,
,,,-31.16800144E-6,849.000036716E-3,
,,,-31.13600178E-6,849.000036716E-3,
,,,-31.10400212E-6,849.000036716E-3,
,,,-31.07199882E-6,849.000036716E-3,
,,,-31.03999916E-6,849.000036716E-3,
,,,-31.00799950E-6,849.000036716E-3,
,,,-30.97599983E-6,849.000036716E-3,
,,,-30.94400017E-6,849.000036716E-3,
,,,-30.91200051E-6,849.000036716E-3,
,,,-30.88000085E-6,849.000036716E-3,
,,,-30.84800119E-6,849.000036716E-3,
,,,-30.81600153E-6,849.000036716E-3,
,,,-30.78400186E-6,849.000036716E-3,
,,,-30.75199857E-6,849.000036716E-3,
,,,-30.71999890E-6,849.000036716E-3,
,,,-30.68799924E-6,849.000036716E-3,
,,,-30.65599958E-6,849.000036716E-3,
,,,-30.62399992E-6,849.000036716E-3,
,,,-30.59200026E-6,849.000036716E-3,
,,,-30.56000060E-6,849.000036716E-3,
,,,-30.52800093E-6,849.000036716E-3,
,,,-30.49599945E-6,849.000036716E-3,
,,,-30.46399979E-6,849.000036716E-3,
,,,-30.43200013E-6,849.000036716E-3,
,,,-30.40000047E-6,849.000036716E-3,
,,,-30.36800081E-6,849.000036716E-3,
,,,-30.33600115E-6,849.000036716E-3,
,,,-30.30399967E-6,849.000036716E-3,
,,,-30.27200000E-6,849.000036716E-3,
,,,-30.24000034E-6,849.000036716E-3,
,,,-30.20800068E-6,849.000036716E-3,
,,,-30.17600102E-6,849.000036716E-3,
,,,-30.14399954E-6,849.000036716E-3,
,,,-30.11199988E-6,849.000036716E-3,
,,,-30.08000022E-6,849.000036716E-3,
,,,-30.04800055E-6,849.000036716E-3,
,,,-30.01600089E-6,849.000036716E-3,
,,,-29.98400123E-6,849.000036716E-3,
,,,-29.95199975E-6,849.000036716E-3,
,,,-29.92000009E-6,849.000036716E-3,
,,,-29.88800043E-6,849.000036716E-3,
,,,-29.85600076E-6,849.000036716E-3,
,,,-29.82400110E-6,849.000036716E-3,
,,,-29.79199962E-6,849.000036716E-3,
,,,-29.75999996E-6,849.000036716E-3,
,,,-29.72800030E-6,849.000036716E-3,
,,,-29.69600064E-6,849.000036716E-3,
,,,-29.66400098E-6,849.000036716E-3,
,,,-29.63199950E-6,849.000036716E-3,
,,,-29.59999983E-6,849.000036716E-3,
,,,-29.56800017E-6,849.000036716E-3,
,,,-29.53600051E-6,849.000036716E-3,
,,,-29.50400085E-6,849.000036716E-3,
,,,-29.47200119E-6,849.000036716E-3,
,,,-29.43999971E-6,849.000036716E-3,
,,,-29.40800005E-6,849.000036716E-3,
,,,-29.37600038E-6,849.000036716E-3,
,,,-29.34400072E-6,849.000036716E-3,
,,,-29.31200106E-6,849.000036716E-3,
,,,-29.27999958E-6,849.000036716E-3,
,,,-29.24799992E-6,849.000036716E-3,
,,,-29.21600026E-6,849.000036716E-3,
,,,-29.18400060E-6,849.000036716E-3,
,,,-29.15200093E-6,849.000036716E-3,
,,,-29.12000127E-6,849.000036716E-3,
,,,-29.08799979E-6,849.000036716E-3,
,,,-29.05600013E-6,849.000036716E-3,
,,,-29.02400047E-6,849.000036716E-3,
,,,-28.99200081E-6,849.000036716E-3,
,,,-28.96000115E-6,849.000036716E-3,
,,,-28.92799967E-6,849.000036716E-3,
,,,-28.89600000E-6,849.000036716E-3,
,,,-28.86400034E-6,849.000036716E-3,
,,,-28.83200068E-6,849.000036716E-3,
,,,-28.80000102E-6,849.000036716E-3,
,,,-28.76799954E-6,849.000036716E-3,
,,,-28.73599988E-6,849.000036716E-3,
,,,-28.70400021E-6,849.000036716E-3,
,,,-28.67200055E-6,849.000036716E-3,
,,,-28.64000089E-6,849.000036716E-3,
,,,-28.60800123E-6,849.000036716E-3,
,,,-28.57599975E-6,849.000036716E-3,
,,,-28.54400009E-6,849.000036716E-3,
,,,-28.51200043E-6,849.000036716E-3,
,,,-28.48000076E-6,849.000036716E-3,
,,,-28.44800110E-6,849.000036716E-3,
,,,-28.41599962E-6,849.000036716E-3,
,,,-28.38399996E-6,849.000036716E-3,
,,,-28.35200030E-6,849.000036716E-3,
,,,-28.32000064E-6,849.000036716E-3,
,,,-28.28800098E-6,849.000036716E-3,
,,,-28.25600131E-6,849.000036716E-3,
,,,-28.22399983E-6,849.000036716E-3,
,,,-28.19200017E-6,849.000036716E-3,
,,,-28.16000051E-6,849.000036716E-3,
,,,-28.12800085E-6,849.000036716E-3,
,,,-28.09600119E-6,849.000036716E-3,
,,,-28.06399971E-6,849.000036716E-3,
,,,-28.03200005E-6,849.000036716E-3,
,,,-28.00000038E-6,849.000036716E-3,
,,,-27.96800072E-6,849.000036716E-3,
,,,-27.93600106E-6,849.000036716E-3,
,,,-27.90399958E-6,849.000036716E-3,
,,,-27.87199992E-6,849.000036716E-3,
,,,-27.84000026E-6,849.000036716E-3,
,,,-27.80800060E-6,849.000036716E-3,
,,,-27.77600093E-6,849.000036716E-3,
,,,-27.74400127E-6,849.000036716E-3,
,,,-27.71199979E-6,849.000036716E-3,
,,,-27.68000013E-6,849.000036716E-3,
,,,-27.64800047E-6,849.000036716E-3,
,,,-27.61600081E-6,849.000036716E-3,
,,,-27.58400115E-6,849.000036716E-3,
,,,-27.55199966E-6,849.000036716E-3,
,,,-27.52000000E-6,849.000036716E-3,
,,,-27.48800034E-6,849.000036716E-3,
,,,-27.45600068E-6,849.000036716E-3,
,,,-27.42400102E-6,849.000036716E-3,
,,,-27.39199954E-6,849.000036716E-3,
,,,-27.35999988E-6,849.000036716E-3,
,,,-27.32800021E-6,849.000036716E-3,
,,,-27.29600055E-6,849.000036716E-3,
,,,-27.26400089E-6,849.000036716E-3,
,,,-27.23200123E-6,849.000036716E-3,
,,,-27.19999975E-6,849.000036716E-3,
,,,-27.16800009E-6,849.000036716E-3,
,,,-27.13600043E-6,849.000036716E-3,
,,,-27.10400076E-6,849.000036716E-3,
,,,-27.07200110E-6,849.000036716E-3,
,,,-27.03999962E-6,849.000036716E-3,
,,,-27.00799996E-6,849.000036716E-3,
,,,-26.97600030E-6,849.000036716E-3,
,,,-26.94400064E-6,849.000036716E-3,
,,,-26.91200098E-6,849.000036716E-3,
,,,-26.88000131E-6,849.000036716E-3,
,,,-26.84799983E-6,849.000036716E-3,
,,,-26.81600017E-6,849.000036716E-3,
,,,-26.78400051E-6,849.000036716E-3,
,,,-26.75200085E-6,849.000036716E-3,
,,,-26.72000119E-6,849.000036716E-3,
,,,-26.68799971E-6,849.000036716E-3,
,,,-26.65600005E-6,849.000036716E-3,
,,,-26.62400038E-6,849.000036716E-3,
,,,-26.59200072E-6,849.000036716E-3,
,,,-26.56000106E-6,849.000036716E-3,
,,,-26.52799958E-6,849.000036716E-3,
,,,-26.49599992E-6,849.000036716E-3,
,,,-26.46400026E-6,849.000036716E-3,
,,,-26.43200060E-6,849.000036716E-3,
,,,-26.40000093E-6,849.000036716E-3,
,,,-26.36800127E-6,849.000036716E-3,
,,,-26.33599979E-6,849.000036716E-3,
,,,-26.30400013E-6,849.000036716E-3,
,,,-26.27200047E-6,849.000036716E-3,
,,,-26.24000081E-6,849.000036716E-3,
,,,-26.20800115E-6,849.000036716E-3,
,,,-26.17599966E-6,849.000036716E-3,
,,,-26.14400000E-6,849.000036716E-3,
,,,-26.11200034E-6,849.000036716E-3,
,,,-26.08000068E-6,849.000036716E-3,
,,,-26.04800102E-6,849.000036716E-3,
,,,-26.01600136E-6,849.000036716E-3,
,,,-25.98399988E-6,849.000036716E-3,
,,,-25.95200021E-6,849.000036716E-3,
,,,-25.92000055E-6,849.000036716E-3,
,,,-25.88800089E-6,849.000036716E-3,
,,,-25.85600123E-6,849.000036716E-3,
,,,-25.82399975E-6,849.000036716E-3,
,,,-25.79200009E-6,849.000036716E-3,
,,,-25.76000043E-6,849.000036716E-3,
,,,-25.72800076E-6,849.000036716E-3,
,,,-25.69600110E-6,849.000036716E-3,
,,,-25.66399962E-6,849.000036716E-3,
,,,-25.63199996E-6,849.000036716E-3,
,,,-25.60000030E-6,849.000036716E-3,
,,,-25.56800064E-6,849.000036716E-3,
,,,-25.53600098E-6,849.000036716E-3,
,,,-25.50400131E-6,849.000036716E-3,
,,,-25.47199983E-6,849.000036716E-3,
,,,-25.44000017E-6,849.000036716E-3,
,,,-25.40800051E-6,849.000036716E-3,
,,,-25.37600085E-6,849.000036716E-3,
,,,-25.34400119E-6,849.000036716E-3,
,,,-25.31199971E-6,849.000036716E-3,
,,,-25.28000005E-6,849.000036716E-3,
,,,-25.24800038E-6,849.000036716E-3,
,,,-25.21600072E-6,849.000036716E-3,
,,,-25.18400106E-6,849.000036716E-3,
,,,-25.15200140E-6,849.000036716E-3,
,,,-25.11999992E-6,849.000036716E-3,
,,,-25.08800026E-6,849.000036716E-3,
,,,-25.05600060E-6,849.000036716E-3,
,,,-25.02400093E-6,849.000036716E-3,
,,,-24.99200127E-6,849.000036716E-3,
,,,-24.95999979E-6,849.000036716E-3,
,,,-24.92800013E-6,849.000036716E-3,
,,,-24.89600047E-6,849.000036716E-3,
,,,-24.86400081E-6,849.000036716E-3,
,,,-24.83200115E-6,849.000036716E-3,
,,,-24.79999966E-6,849.000036716E-3,
,,,-24.76800000E-6,849.000036716E-3,
,,,-24.73600034E-6,849.000036716E-3,
,,,-24.70400068E-6,849.000036716E-3,
,,,-24.67200102E-6,849.000036716E-3,
,,,-24.64000136E-6,849.000036716E-3,
,,,-24.60799988E-6,849.000036716E-3,
,,,-24.57600021E-6,849.000036716E-3,
,,,-24.54400055E-6,849.000036716E-3,
,,,-24.51200089E-6,849.000036716E-3,
,,,-24.48000123E-6,849.000036716E-3,
,,,-24.44799975E-6,849.000036716E-3,
,,,-24.41600009E-6,849.000036716E-3,
,,,-24.38400043E-6,849.000036716E-3,
,,,-24.35200076E-6,849.000036716E-3,
,,,-24.32000110E-6,849.000036716E-3,
,,,-24.28799962E-6,849.000036716E-3,
,,,-24.25599996E-6,849.000036716E-3,
,,,-24.22400030E-6,849.000036716E-3,
,,,-24.19200064E-6,849.000036716E-3,
,,,-24.16000098E-6,849.000036716E-3,
,,,-24.12800131E-6,849.000036716E-3,
,,,-24.09599983E-6,849.000036716E-3,
,,,-24.06400017E-6,849.000036716E-3,
,,,-24.03200051E-6,849.000036716E-3,
,,,-24.00000085E-6,849.000036716E-3,
,,,-23.96800119E-6,849.000036716E-3,
,,,-23.93599971E-6,849.000036716E-3,
,,,-23.90400005E-6,849.000036716E-3,
,,,-23.87200038E-6,849.000036716E-3,
,,,-23.84000072E-6,849.000036716E-3,
,,,-23.80800106E-6,849.000036716E-3,
,,,-23.77600140E-6,849.000036716E-3,
,,,-23.74399992E-6,849.000036716E-3,
,,,-23.71200026E-6,849.000036716E-3,
,,,-23.68000060E-6,849.000036716E-3,
,,,-23.64800093E-6,849.000036716E-3,
,,,-23.61600127E-6,849.000036716E-3,
,,,-23.58399979E-6,849.000036716E-3,
,,,-23.55200013E-6,849.000036716E-3,
,,,-23.52000047E-6,849.000036716E-3,
,,,-23.48800081E-6,849.000036716E-3,
,,,-23.45600114E-6,849.000036716E-3,
,,,-23.42399966E-6,849.000036716E-3,
,,,-23.39200000E-6,849.000036716E-3,
,,,-23.36000034E-6,849.000036716E-3,
,,,-23.32800068E-6,849.000036716E-3,
,,,-23.29600102E-6,849.000036716E-3,
,,,-23.26400136E-6,849.000036716E-3,
,,,-23.23199988E-6,849.000036716E-3,
,,,-23.20000021E-6,849.000036716E-3,
,,,-23.16800055E-6,849.000036716E-3,
,,,-23.13600089E-6,849.000036716E-3,
,,,-23.10400123E-6,849.000036716E-3,
,,,-23.07199975E-6,849.000036716E-3,
,,,-23.04000009E-6,849.000036716E-3,
,,,-23.00800043E-6,849.000036716E-3,
,,,-22.97600076E-6,849.000036716E-3,
,,,-22.94400110E-6,849.000036716E-3,
,,,-22.91200144E-6,849.000036716E-3,
,,,-22.87999996E-6,849.000036716E-3,
,,,-22.84800030E-6,849.000036716E-3,
,,,-22.81600064E-6,849.000036716E-3,
,,,-22.78400098E-6,849.000036716E-3,
,,,-22.75200131E-6,849.000036716E-3,
,,,-22.71999983E-6,849.000036716E-3,
,,,-22.68800017E-6,849.000036716E-3,
,,,-22.65600051E-6,849.000036716E-3,
,,,-22.62400085E-6,849.000036716E-3,
,,,-22.59200119E-6,849.000036716E-3,
,,,-22.55999971E-6,849.000036716E-3,
,,,-22.52800004E-6,849.000036716E-3,
,,,-22.49600038E-6,849.000036716E-3,
,,,-22.46400072E-6,849.000036716E-3,
,,,-22.43200106E-6,849.000036716E-3,
,,,-22.40000140E-6,849.000036716E-3,
,,,-22.36799992E-6,849.000036716E-3,
,,,-22.33600026E-6,849.000036716E-3,
,,,-22.30400059E-6,849.000036716E-3,
,,,-22.27200093E-6,849.000036716E-3,
,,,-22.24000127E-6,849.000036716E-3,
,,,-22.20799979E-6,849.000036716E-3,
,,,-22.17600013E-6,849.000036716E-3,
,,,-22.14400047E-6,849.000036716E-3,
,,,-22.11200081E-6,849.000036716E-3,
,,,-22.08000114E-6,849.000036716E-3,
,,,-22.04800148E-6,849.000036716E-3,
,,,-22.01600000E-6,849.000036716E-3,
,,,-21.98400034E-6,849.000036716E-3,
,,,-21.95200068E-6,849.000036716E-3,
,,,-21.92000102E-6,849.000036716E-3,
,,,-21.88800136E-6,849.000036716E-3,
,,,-21.85599988E-6,849.000036716E-3,
,,,-21.82400021E-6,849.000036716E-3,
,,,-21.79200055E-6,849.000036716E-3,
,,,-21.76000089E-6,849.000036716E-3,
,,,-21.72800123E-6,849.000036716E-3,
,,,-21.69599975E-6,849.000036716E-3,
,,,-21.66400009E-6,849.000036716E-3,
,,,-21.63200043E-6,849.000036716E-3,
,,,-21.60000076E-6,849.000036716E-3,
,,,-21.56800110E-6,849.000036716E-3,
,,,-21.53600144E-6,849.000036716E-3,
,,,-21.50399996E-6,849.000036716E-3,
,,,-21.47200030E-6,849.000036716E-3,
,,,-21.44000064E-6,849.000036716E-3,
,,,-21.40800098E-6,849.000036716E-3,
,,,-21.37600131E-6,849.000036716E-3,
,,,-21.34399983E-6,849.000036716E-3,
,,,-21.31200017E-6,849.000036716E-3,
,,,-21.28000051E-6,849.000036716E-3,
,,,-21.24800085E-6,849.000036716E-3,
,,,-21.21600119E-6,849.000036716E-3,
,,,-21.18399971E-6,849.000036716E-3,
,,,-21.15200004E-6,849.000036716E-3,
,,,-21.12000038E-6,849.000036716E-3,
,,,-21.08800072E-6,849.000036716E-3,
,,,-21.05600106E-6,849.000036716E-3,
,,,-21.02400140E-6,849.000036716E-3,
,,,-20.99199992E-6,849.000036716E-3,
,,,-20.96000026E-6,849.000036716E-3,
,,,-20.92800059E-6,849.000036716E-3,
,,,-20.89600093E-6,849.000036716E-3,
,,,-20.86400127E-6,849.000036716E-3,
,,,-20.83199979E-6,849.000036716E-3,
,,,-20.80000013E-6,849.000036716E-3,
,,,-20.76800047E-6,849.000036716E-3,
,,,-20.73600081E-6,849.000036716E-3,
,,,-20.70400114E-6,849.000036716E-3,
,,,-20.67200148E-6,849.000036716E-3,
,,,-20.64000000E-6,849.000036716E-3,
,,,-20.60800034E-6,849.000036716E-3,
,,,-20.57600068E-6,849.000036716E-3,
,,,-20.54400102E-6,849.000036716E-3,
,,,-20.51200136E-6,849.000036716E-3,
,,,-20.47999988E-6,849.000036716E-3,
,,,-20.44800021E-6,849.000036716E-3,
,,,-20.41600055E-6,849.000036716E-3,
,,,-20.38400089E-6,849.000036716E-3,
,,,-20.35200123E-6,849.000036716E-3,
,,,-20.31999975E-6,849.000036716E-3,
,,,-20.28800009E-6,849.000036716E-3,
,,,-20.25600043E-6,849.000036716E-3,
,,,-20.22400076E-6,849.000036716E-3,
,,,-20.19200110E-6,849.000036716E-3,
,,,-20.16000144E-6,849.000036716E-3,
,,,-20.12799996E-6,849.000036716E-3,
,,,-20.09600030E-6,849.000036716E-3,
,,,-20.0640006E-6,849.000036716E-3,
,,,-20.0320010E-6,849.000036716E-3,
,,,-20.0000013E-6,849.000036716E-3,
,,,-19.9679998E-6,849.000036716E-3,
,,,-19.9360002E-6,849.000036716E-3,
,,,-19.9040005E-6,849.000036716E-3,
,,,-19.8720008E-6,849.000036716E-3,
,,,-19.8400012E-6,849.000036716E-3,
,,,-19.8080015E-6,849.000036716E-3,
,,,-19.7760000E-6,849.000036716E-3,
,,,-19.7440004E-6,849.000036716E-3,
,,,-19.7120007E-6,849.000036716E-3,
,,,-19.6800011E-6,849.000036716E-3,
,,,-19.6480014E-6,849.000036716E-3,
,,,-19.6159999E-6,849.000036716E-3,
,,,-19.5840003E-6,849.000036716E-3,
,,,-19.5520006E-6,849.000036716E-3,
,,,-19.5200009E-6,849.000036716E-3,
,,,-19.4880013E-6,849.000036716E-3,
,,,-19.4559998E-6,849.000036716E-3,
,,,-19.4240001E-6,849.000036716E-3,
,,,-19.3920005E-6,849.000036716E-3,
,,,-19.3600008E-6,849.000036716E-3,
,,,-19.3280011E-6,849.000036716E-3,
,,,-19.2960015E-6,849.000036716E-3,
,,,-19.2640000E-6,849.000036716E-3,
,,,-19.2320003E-6,849.000036716E-3,
,,,-19.2000007E-6,849.000036716E-3,
,,,-19.1680010E-6,849.000036716E-3,
,,,-19.1360014E-6,849.000036716E-3,
,,,-19.1039999E-6,849.000036716E-3,
,,,-19.0720002E-6,849.000036716E-3,
,,,-19.0400006E-6,849.000036716E-3,
,,,-19.0080009E-6,849.000036716E-3,
,,,-18.9760012E-6,849.000036716E-3,
,,,-18.9440016E-6,849.000036716E-3,
,,,-18.9120001E-6,849.000036716E-3,
,,,-18.8800004E-6,849.000036716E-3,
,,,-18.8480008E-6,849.000036716E-3,
,,,-18.8160011E-6,849.000036716E-3,
,,,-18.7840014E-6,849.000036716E-3,
,,,-18.7520000E-6,849.000036716E-3,
,,,-18.7200003E-6,849.000036716E-3,
,,,-18.6880006E-6,849.000036716E-3,
,,,-18.6560010E-6,849.000036716E-3,
,,,-18.6240013E-6,849.000036716E-3,
,,,-18.5919998E-6,849.000036716E-3,
,,,-18.5600002E-6,849.000036716E-3,
,,,-18.5280005E-6,849.000036716E-3,
,,,-18.4960008E-6,849.000036716E-3,
,,,-18.4640012E-6,849.000036716E-3,
,,,-18.4320015E-6,849.000036716E-3,
,,,-18.4000000E-6,849.000036716E-3,
,,,-18.3680004E-6,849.000036716E-3,
,,,-18.3360007E-6,849.000036716E-3,
,,,-18.3040011E-6,849.000036716E-3,
,,,-18.2720014E-6,849.000036716E-3,
,,,-18.2399999E-6,849.000036716E-3,
,,,-18.2080003E-6,849.000036716E-3,
,,,-18.1760006E-6,849.000036716E-3,
,,,-18.1440009E-6,849.000036716E-3,
,,,-18.1120013E-6,849.000036716E-3,
,,,-18.0799998E-6,849.000036716E-3,
,,,-18.0480001E-6,849.000036716E-3,
,,,-18.0160005E-6,849.000036716E-3,
,,,-17.9840008E-6,849.000036716E-3,
,,,-17.9520011E-6,849.000036716E-3,
,,,-17.9200015E-6,849.000036716E-3,
,,,-17.8880000E-6,849.000036716E-3,
,,,-17.8560003E-6,849.000036716E-3,
,,,-17.8240007E-6,849.000036716E-3,
,,,-17.7920010E-6,849.000036716E-3,
,,,-17.7600014E-6,849.000036716E-3,
,,,-17.7279999E-6,849.000036716E-3,
,,,-17.6960002E-6,849.000036716E-3,
,,,-17.6640006E-6,849.000036716E-3,
,,,-17.6320009E-6,849.000036716E-3,
,,,-17.6000012E-6,849.000036716E-3,
,,,-17.5680016E-6,849.000036716E-3,
,,,-17.5360001E-6,849.000036716E-3,
,,,-17.5040004E-6,849.000036716E-3,
,,,-17.4720008E-6,849.000036716E-3,
,,,-17.4400011E-6,849.000036716E-3,
,,,-17.4080014E-6,849.000036716E-3,
,,,-17.3760000E-6,849.000036716E-3,
,,,-17.3440003E-6,849.000036716E-3,
,,,-17.3120006E-6,849.000036716E-3,
,,,-17.2800010E-6,849.000036716E-3,
,,,-17.2480013E-6,849.000036716E-3,
,,,-17.2159998E-6,849.000036716E-3,
,,,-17.1840002E-6,849.000036716E-3,
,,,-17.1520005E-6,849.000036716E-3,
,,,-17.1200008E-6,849.000036716E-3,
,,,-17.0880012E-6,849.000036716E-3,
,,,-17.0560015E-6,849.000036716E-3,
,,,-17.0240000E-6,849.000036716E-3,
,,,-16.9920004E-6,849.000036716E-3,
,,,-16.9600007E-6,849.000036716E-3,
,,,-16.9280011E-6,849.000036716E-3,
,,,-16.8960014E-6,849.000036716E-3,
,,,-16.8639999E-6,849.000036716E-3,
,,,-16.8320003E-6,849.000036716E-3,
,,,-16.8000006E-6,849.000036716E-3,
,,,-16.7680009E-6,849.000036716E-3,
,,,-16.7360013E-6,849.000036716E-3,
,,,-16.7040016E-6,849.000036716E-3,
,,,-16.6720001E-6,849.000036716E-3,
,,,-16.6400005E-6,849.000036716E-3,
,,,-16.6080008E-6,849.000036716E-3,
,,,-16.5760011E-6,849.000036716E-3,
,,,-16.5440015E-6,849.000036716E-3,
,,,-16.5120000E-6,849.000036716E-3,
,,,-16.4800003E-6,849.000036716E-3,
,,,-16.4480007E-6,849.000036716E-3,
,,,-16.4160010E-6,849.000036716E-3,
,,,-16.3840014E-6,849.000036716E-3,
,,,-16.3519999E-6,849.000036716E-3,
,,,-16.3200002E-6,849.000036716E-3,
,,,-16.2880006E-6,849.000036716E-3,
,,,-16.2560009E-6,849.000036716E-3,
,,,-16.2240012E-6,849.000036716E-3,
,,,-16.1920016E-6,849.000036716E-3,
,,,-16.1600001E-6,849.000036716E-3,
,,,-16.1280004E-6,849.000036716E-3,
,,,-16.0960008E-6,849.000036716E-3,
,,,-16.0640011E-6,849.000036716E-3,
,,,-16.0320014E-6,849.000036716E-3,
,,,-16.0000000E-6,849.000036716E-3,
,,,-15.9680003E-6,849.000036716E-3,
,,,-15.9360006E-6,849.000036716E-3,
,,,-15.9040010E-6,849.000036716E-3,
,,,-15.8720013E-6,849.000036716E-3,
,,,-15.8400017E-6,849.000036716E-3,
,,,-15.8080002E-6,849.000036716E-3,
,,,-15.7760005E-6,849.000036716E-3,
,,,-15.7440008E-6,849.000036716E-3,
,,,-15.7120012E-6,849.000036716E-3,
,,,-15.6800015E-6,849.000036716E-3,
,,,-15.6480000E-6,849.000036716E-3,
,,,-15.6160004E-6,849.000036716E-3,
,,,-15.5840007E-6,849.000036716E-3,
,,,-15.5520011E-6,849.000036716E-3,
,,,-15.5200014E-6,849.000036716E-3,
,,,-15.4879999E-6,849.000036716E-3,
,,,-15.4560003E-6,849.000036716E-3,
,,,-15.4240006E-6,849.000036716E-3,
,,,-15.3920009E-6,849.000036716E-3,
,,,-15.3600013E-6,849.000036716E-3,
,,,-15.3280016E-6,849.000036716E-3,
,,,-15.2960001E-6,849.000036716E-3,
,,,-15.2640005E-6,849.000036716E-3,
,,,-15.2320008E-6,849.000036716E-3,
,,,-15.2000011E-6,849.000036716E-3,
,,,-15.1680006E-6,849.000036716E-3,
,,,-15.1360009E-6,849.000036716E-3,
,,,-15.1040003E-6,849.000036716E-3,
,,,-15.0720007E-6,849.000036716E-3,
,,,-15.0400010E-6,849.000036716E-3,
,,,-15.0080004E-6,849.000036716E-3,
,,,-14.9760008E-6,849.000036716E-3,
,,,-14.9440011E-6,849.000036716E-3,
,,,-14.9120006E-6,849.000036716E-3,
,,,-14.8800009E-6,849.000036716E-3,
,,,-14.8480012E-6,849.000036716E-3,
,,,-14.8160007E-6,849.000036716E-3,
,,,-14.7840010E-6,849.000036716E-3,
,,,-14.7520004E-6,849.000036716E-3,
,,,-14.7200008E-6,849.000036716E-3,
,,,-14.6880011E-6,849.000036716E-3,
,,,-14.6560005E-6,849.000036716E-3,
,,,-14.6240009E-6,849.000036716E-3,
,,,-14.5920012E-6,849.000036716E-3,
,,,-14.5600006E-6,849.000036716E-3,
,,,-14.5280010E-6,849.000036716E-3,
,,,-14.4960004E-6,849.000036716E-3,
,,,-14.4640007E-6,849.000036716E-3,
,,,-14.4320011E-6,849.000036716E-3,
,,,-14.4000005E-6,849.000036716E-3,
,,,-14.3680008E-6,849.000036716E-3,
,,,-14.3360012E-6,849.000036716E-3,
,,,-14.3040006E-6,849.000036716E-3,
,,,-14.2720010E-6,849.000036716E-3,
,,,-14.2400004E-6,849.000036716E-3,
,,,-14.2080007E-6,849.000036716E-3,
,,,-14.1760011E-6,849.000036716E-3,
,,,-14.1440005E-6,849.000036716E-3,
,,,-14.1120008E-6,849.000036716E-3,
,,,-14.0800012E-6,845.000028610E-3,
,,,-14.0480006E-6,845.000028610E-3,
,,,-14.0160009E-6,845.000028610E-3,
,,,-13.9840004E-6,841.000020504E-3,
,,,-13.9520007E-6,837.000012398E-3,
,,,-13.9200010E-6,837.000012398E-3,
,,,-13.8880005E-6,837.000012398E-3,
,,,-13.8560008E-6,833.000063896E-3,
,,,-13.8240011E-6,829.000055790E-3,
,,,-13.7920006E-6,829.000055790E-3,
,,,-13.7600009E-6,829.000055790E-3,
,,,-13.7280012E-6,825.000047684E-3,
,,,-13.6960007E-6,825.000047684E-3,
,,,-13.6640010E-6,825.000047684E-3,
,,,-13.6320004E-6,817.000031471E-3,
,,,-13.6000008E-6,817.000031471E-3,
,,,-13.5680011E-6,817.000031471E-3,
,,,-13.5360006E-6,813.000023365E-3,
,,,-13.5040009E-6,813.000023365E-3,
,,,-13.4720012E-6,809.000015259E-3,
,,,-13.4400007E-6,809.000015259E-3,
,,,-13.4080010E-6,809.000015259E-3,
,,,-13.3760004E-6,805.000066757E-3,
,,,-13.3440008E-6,805.000066757E-3,
,,,-13.3120011E-6,801.000058651E-3,
,,,-13.2800005E-6,801.000058651E-3,
,,,-13.2480009E-6,797.000050545E-3,
,,,-13.2160012E-6,797.000050545E-3,
,,,-13.1840006E-6,797.000050545E-3,
,,,-13.1520010E-6,793.000042439E-3,
,,,-13.1200004E-6,793.000042439E-3,
,,,-13.0880007E-6,793.000042439E-3,
,,,-13.0560011E-6,793.000042439E-3,
,,,-13.0240005E-6,789.000034332E-3,
,,,-12.9920008E-6,789.000034332E-3,
,,,-12.9600012E-6,785.000026226E-3,
,,,-12.9280006E-6,785.000026226E-3,
,,,-12.8960010E-6,785.000026226E-3,
,,,-12.8640013E-6,785.000026226E-3,
,,,-12.8320007E-6,781.000018120E-3,
,,,-12.8000011E-6,777.000010014E-3,
,,,-12.7680005E-6,777.000010014E-3,
,,,-12.7360008E-6,777.000010014E-3,
,,,-12.7040012E-6,773.000061512E-3,
,,,-12.6720006E-6,769.000053406E-3,
,,,-12.6400009E-6,769.000053406E-3,
,,,-12.6080013E-6,769.000053406E-3,
,,,-12.5760007E-6,765.000045300E-3,
,,,-12.5440010E-6,765.000045300E-3,
,,,-12.5120005E-6,765.000045300E-3,
,,,-12.4800008E-6,761.000037193E-3,
,,,-12.4480011E-6,761.000037193E-3,
,,,-12.4160006E-6,757.000029087E-3,
,,,-12.3840009E-6,757.000029087E-3,
,,,-12.3520012E-6,753.000020981E-3,
,,,-12.3200007E-6,753.000020981E-3,
,,,-12.2880010E-6,753.000020981E-3,
,,,-12.2560004E-6,749.000012875E-3,
,,,-12.2240008E-6,749.000012875E-3,
,,,-12.1920011E-6,749.000012875E-3,
,,,-12.1600006E-6,745.000064373E-3,
,,,-12.1280009E-6,745.000064373E-3,
,,,-12.0960012E-6,741.000056267E-3,
,,,-12.0640007E-6,741.000056267E-3,
,,,-12.0320010E-6,741.000056267E-3,
,,,-12.0000004E-6,737.000048161E-3,
,,,-11.9680008E-6,733.000040054E-3,
,,,-11.9360011E-6,737.000048161E-3,
,,,-11.9040005E-6,733.000040054E-3,
,,,-11.8720009E-6,733.000040054E-3,
,,,-11.8400012E-6,729.000031948E-3,
,,,-11.8080006E-6,729.000031948E-3,
,,,-11.7760010E-6,729.000031948E-3,
,,,-11.7440013E-6,729.000031948E-3,
,,,-11.7120007E-6,725.000023842E-3,
,,,-11.6800011E-6,721.000015736E-3,
,,,-11.6480005E-6,721.000015736E-3,
,,,-11.6160008E-6,725.000023842E-3,
,,,-11.5840012E-6,721.000015736E-3,
,,,-11.5520006E-6,717.000007629E-3,
,,,-11.5200010E-6,717.000007629E-3,
,,,-11.4880013E-6,713.000059128E-3,
,,,-11.4560007E-6,713.000059128E-3,
,,,-11.4240011E-6,713.000059128E-3,
,,,-11.3920005E-6,709.000051022E-3,
,,,-11.3600008E-6,709.000051022E-3,
,,,-11.3280012E-6,709.000051022E-3,
,,,-11.2960006E-6,709.000051022E-3,
,,,-11.2640009E-6,705.000042915E-3,
,,,-11.2320013E-6,705.000042915E-3,
,,,-11.2000007E-6,705.000042915E-3,
,,,-11.1680010E-6,701.000034809E-3,
,,,-11.1360005E-6,701.000034809E-3,
,,,-11.1040008E-6,701.000034809E-3,
,,,-11.0720011E-6,701.000034809E-3,
,,,-11.0400006E-6,701.000034809E-3,
,,,-11.0080009E-6,697.000026703E-3,
,,,-10.9760012E-6,697.000026703E-3,
,,,-10.9440007E-6,697.000026703E-3,
,,,-10.9120010E-6,693.000018597E-3,
,,,-10.8800014E-6,693.000018597E-3,
,,,-10.8480008E-6,693.000018597E-3,
,,,-10.8160011E-6,689.000010490E-3,
,,,-10.7840006E-6,689.000010490E-3,
,,,-10.7520009E-6,685.000002384E-3,
,,,-10.7200012E-6,689.000010490E-3,
,,,-10.6880007E-6,685.000002384E-3,
,,,-10.6560010E-6,681.000053883E-3,
,,,-10.6240013E-6,681.000053883E-3,
,,,-10.5920008E-6,677.000045776E-3,
,,,-10.5600011E-6,677.000045776E-3,
,,,-10.5280005E-6,677.000045776E-3,
,,,-10.4960009E-6,673.000037670E-3,
,,,-10.4640012E-6,677.000045776E-3,
,,,-10.4320006E-6,673.000037670E-3,
,,,-10.4000010E-6,669.000029564E-3,
,,,-10.3680013E-6,669.000029564E-3,
,,,-10.3360007E-6,669.000029564E-3,
,,,-10.3040011E-6,665.000021458E-3,
,,,-10.2720005E-6,665.000021458E-3,
,,,-10.2400008E-6,665.000021458E-3,
,,,-10.2080012E-6,661.000013351E-3,
,,,-10.1760006E-6,661.000013351E-3,
,,,-10.1440010E-6,657.000005245E-3,
,,,-10.1120013E-6,657.000005245E-3,
,,,-10.0800007E-6,657.000005245E-3,
,,,-10.0480011E-6,657.000005245E-3,
,,,-10.0160005E-6,657.000005245E-3,
,,,-9.984000826E-6,653.000056744E-3,
,,,-9.952001164E-6,653.000056744E-3,
,,,-9.920000593E-6,653.000056744E-3,
,,,-9.888000932E-6,649.000048637E-3,
,,,-9.856001270E-6,649.000048637E-3,
,,,-9.824000699E-6,649.000048637E-3,
,,,-9.792001038E-6,645.000040531E-3,
,,,-9.760001376E-6,645.000040531E-3,
,,,-9.728000805E-6,645.000040531E-3,
,,,-9.696001143E-6,645.000040531E-3,
,,,-9.664000572E-6,641.000032425E-3,
,,,-9.632000911E-6,641.000032425E-3,
,,,-9.600001249E-6,641.000032425E-3,
,,,-9.568000678E-6,641.000032425E-3,
,,,-9.536001016E-6,637.000024319E-3,
,,,-9.504001355E-6,637.000024319E-3,
,,,-9.472000784E-6,633.000016212E-3,
,,,-9.440001122E-6,637.000024319E-3,
,,,-9.408000551E-6,637.000024319E-3,
,,,-9.376000889E-6,629.000008106E-3,
,,,-9.344001228E-6,629.000008106E-3,
,,,-9.312000657E-6,629.000008106E-3,
,,,-9.280000995E-6,629.000008106E-3,
,,,-9.248001334E-6,633.000016212E-3,
,,,-9.216000763E-6,625.000000000E-3,
,,,-9.184001101E-6,621.000051498E-3,
,,,-9.152000530E-6,625.000000000E-3,
,,,-9.120000868E-6,625.000000000E-3,
,,,-9.088001207E-6,621.000051498E-3,
,,,-9.056000636E-6,625.000000000E-3,
,,,-9.024000974E-6,621.000051498E-3,
,,,-8.992001312E-6,621.000051498E-3,
,,,-8.960000741E-6,621.000051498E-3,
,,,-8.928001080E-6,617.000043392E-3,
,,,-8.896000509E-6,621.000051498E-3,
,,,-8.864000847E-6,617.000043392E-3,
,,,-8.832001186E-6,617.000043392E-3,
,,,-8.800000614E-6,613.000035286E-3,
,,,-8.768000953E-6,613.000035286E-3,
,,,-8.736001291E-6,613.000035286E-3,
,,,-8.704000720E-6,613.000035286E-3,
,,,-8.672001059E-6,609.000027180E-3,
,,,-8.640001397E-6,613.000035286E-3,
,,,-8.608000826E-6,613.000035286E-3,
,,,-8.576001164E-6,609.000027180E-3,
,,,-8.544000593E-6,613.000035286E-3,
,,,-8.512000932E-6,605.000019073E-3,
,,,-8.480001270E-6,601.000010967E-3,
,,,-8.448000699E-6,605.000019073E-3,
,,,-8.416001037E-6,605.000019073E-3,
,,,-8.384001376E-6,601.000010967E-3,
,,,-8.352000805E-6,601.000010967E-3,
,,,-8.320001143E-6,601.000010967E-3,
,,,-8.288000572E-6,597.000002861E-3,
,,,-8.256000910E-6,601.000010967E-3,
,,,-8.224001249E-6,597.000002861E-3,
,,,-8.192000678E-6,597.000002861E-3,
,,,-8.160001016E-6,593.000054359E-3,
,,,-8.128001355E-6,589.000046253E-3,
,,,-8.096000784E-6,589.000046253E-3,
,,,-8.064001122E-6,589.000046253E-3,
,,,-8.032000551E-6,589.000046253E-3,
,,,-8.000000889E-6,589.000046253E-3,
,,,-7.968001228E-6,585.000038147E-3,
,,,-7.936000657E-6,581.000030041E-3,
,,,-7.904000995E-6,581.000030041E-3,
,,,-7.872001333E-6,577.000021935E-3,
,,,-7.840000762E-6,577.000021935E-3,
,,,-7.808001101E-6,573.000013828E-3,
,,,-7.776001439E-6,573.000013828E-3,
,,,-7.744000868E-6,573.000013828E-3,
,,,-7.712001207E-6,569.000005722E-3,
,,,-7.680000635E-6,569.000005722E-3,
,,,-7.648000974E-6,564.999997616E-3,
,,,-7.616000858E-6,564.999997616E-3,
,,,-7.584001196E-6,564.999997616E-3,
,,,-7.552001080E-6,561.000049114E-3,
,,,-7.520000963E-6,561.000049114E-3,
,,,-7.488000847E-6,561.000049114E-3,
,,,-7.456001185E-6,557.000041008E-3,
,,,-7.424001069E-6,557.000041008E-3,
,,,-7.392000953E-6,557.000041008E-3,
,,,-7.36000084E-6,553.000032902E-3,
,,,-7.32800117E-6,553.000032902E-3,
,,,-7.29600106E-6,553.000032902E-3,
,,,-7.26400094E-6,553.000032902E-3,
,,,-7.23200083E-6,549.000024796E-3,
,,,-7.20000116E-6,553.000032902E-3,
,,,-7.16800105E-6,549.000024796E-3,
,,,-7.13600093E-6,545.000016689E-3,
,,,-7.10400082E-6,545.000016689E-3,
,,,-7.07200115E-6,549.000024796E-3,
,,,-7.04000104E-6,545.000016689E-3,
,,,-7.00800092E-6,545.000016689E-3,
,,,-6.97600080E-6,541.000008583E-3,
,,,-6.94400114E-6,541.000008583E-3,
,,,-6.91200103E-6,541.000008583E-3,
,,,-6.88000091E-6,537.000000477E-3,
,,,-6.84800079E-6,537.000000477E-3,
,,,-6.81600113E-6,537.000000477E-3,
,,,-6.78400102E-6,541.000008583E-3,
,,,-6.75200090E-6,537.000000477E-3,
,,,-6.72000124E-6,537.000000477E-3,
,,,-6.68800112E-6,537.000000477E-3,
,,,-6.65600101E-6,533.000051975E-3,
,,,-6.62400089E-6,533.000051975E-3,
,,,-6.59200123E-6,533.000051975E-3,
,,,-6.56000111E-6,525.000035763E-3,
,,,-6.52800099E-6,525.000035763E-3,
,,,-6.49600088E-6,529.000043869E-3,
,,,-6.46400122E-6,525.000035763E-3,
,,,-6.43200110E-6,525.000035763E-3,
,,,-6.40000098E-6,525.000035763E-3,
,,,-6.36800087E-6,525.000035763E-3,
,,,-6.33600121E-6,521.000027657E-3,
,,,-6.30400109E-6,521.000027657E-3,
,,,-6.27200097E-6,517.000019550E-3,
,,,-6.24000086E-6,517.000019550E-3,
,,,-6.20800120E-6,517.000019550E-3,
,,,-6.17600108E-6,517.000019550E-3,
,,,-6.14400096E-6,517.000019550E-3,
,,,-6.11200085E-6,517.000019550E-3,
,,,-6.08000119E-6,513.000011444E-3,
,,,-6.04800107E-6,513.000011444E-3,
,,,-6.01600095E-6,513.000011444E-3,
,,,-5.98400084E-6,513.000011444E-3,
,,,-5.95200117E-6,509.000003338E-3,
,,,-5.92000106E-6,509.000003338E-3,
,,,-5.88800094E-6,509.000003338E-3,
,,,-5.85600083E-6,504.999995232E-3,
,,,-5.82400116E-6,504.999995232E-3,
,,,-5.79200105E-6,504.999995232E-3,
,,,-5.76000093E-6,501.000046730E-3,
,,,-5.72800127E-6,501.000046730E-3,
,,,-5.69600115E-6,501.000046730E-3,
,,,-5.66400104E-6,501.000046730E-3,
,,,-5.63200092E-6,504.999995232E-3,
,,,-5.60000126E-6,504.999995232E-3,
,,,-5.56800114E-6,501.000046730E-3,
,,,-5.53600103E-6,497.000008821E-3,
,,,-5.50400091E-6,497.000008821E-3,
,,,-5.47200125E-6,493.000030518E-3,
,,,-5.44000113E-6,497.000008821E-3,
,,,-5.40800102E-6,497.000008821E-3,
,,,-5.37600090E-6,497.000008821E-3,
,,,-5.34400124E-6,493.000030518E-3,
,,,-5.31200112E-6,497.000008821E-3,
,,,-5.28000101E-6,493.000030518E-3,
,,,-5.24800089E-6,493.000030518E-3,
,,,-5.21600123E-6,489.000022411E-3,
,,,-5.18400111E-6,489.000022411E-3,
,,,-5.15200099E-6,489.000022411E-3,
,,,-5.12000088E-6,489.000022411E-3,
,,,-5.08800122E-6,489.000022411E-3,
,,,-5.05600110E-6,489.000022411E-3,
,,,-5.02400098E-6,485.000014305E-3,
,,,-4.99200087E-6,485.000014305E-3,
,,,-4.96000121E-6,485.000014305E-3,
,,,-4.92800109E-6,485.000014305E-3,
,,,-4.89600097E-6,481.000036001E-3,
,,,-4.86400086E-6,481.000036001E-3,
,,,-4.83200120E-6,481.000036001E-3,
,,,-4.80000108E-6,481.000036001E-3,
,,,-4.76800096E-6,481.000036001E-3,
,,,-4.73600085E-6,481.000036001E-3,
,,,-4.70400119E-6,481.000036001E-3,
,,,-4.67200107E-6,481.000036001E-3,
,,,-4.64000095E-6,477.000027895E-3,
,,,-4.60800129E-6,477.000027895E-3,
,,,-4.57600117E-6,481.000036001E-3,
,,,-4.54400106E-6,477.000027895E-3,
,,,-4.51200094E-6,477.000027895E-3,
,,,-4.48000128E-6,477.000027895E-3,
,,,-4.44800116E-6,473.000019789E-3,
,,,-4.41600105E-6,477.000027895E-3,
,,,-4.38400093E-6,473.000019789E-3,
,,,-4.35200127E-6,477.000027895E-3,
,,,-4.32000115E-6,477.000027895E-3,
,,,-4.28800104E-6,477.000027895E-3,
,,,-4.25600092E-6,477.000027895E-3,
,,,-4.22400126E-6,473.000019789E-3,
,,,-4.19200114E-6,477.000027895E-3,
,,,-4.16000103E-6,473.000019789E-3,
,,,-4.12800091E-6,477.000027895E-3,
,,,-4.09600125E-6,473.000019789E-3,
,,,-4.06400113E-6,473.000019789E-3,
,,,-4.03200102E-6,473.000019789E-3,
,,,-4.00000090E-6,473.000019789E-3,
,,,-3.96800124E-6,473.000019789E-3,
,,,-3.93600112E-6,469.000011683E-3,
,,,-3.90400101E-6,473.000019789E-3,
,,,-3.87200089E-6,469.000011683E-3,
,,,-3.84000123E-6,469.000011683E-3,
,,,-3.80800111E-6,469.000011683E-3,
,,,-3.77600099E-6,469.000011683E-3,
,,,-3.74400111E-6,465.000033379E-3,
,,,-3.71200122E-6,469.000011683E-3,
,,,-3.68000110E-6,465.000033379E-3,
,,,-3.64800121E-6,465.000033379E-3,
,,,-3.61600109E-6,465.000033379E-3,
,,,-3.58400121E-6,465.000033379E-3,
,,,-3.55200109E-6,465.000033379E-3,
,,,-3.52000120E-6,461.000025272E-3,
,,,-3.48800108E-6,461.000025272E-3,
,,,-3.45600120E-6,461.000025272E-3,
,,,-3.42400108E-6,461.000025272E-3,
,,,-3.39200119E-6,461.000025272E-3,
,,,-3.36000107E-6,461.000025272E-3,
,,,-3.32800118E-6,461.000025272E-3,
,,,-3.29600107E-6,457.000017166E-3,
,,,-3.26400118E-6,457.000017166E-3,
,,,-3.23200106E-6,453.000009060E-3,
,,,-3.20000117E-6,453.000009060E-3,
,,,-3.16800106E-6,453.000009060E-3,
,,,-3.13600117E-6,453.000009060E-3,
,,,-3.10400105E-6,453.000009060E-3,
,,,-3.07200116E-6,449.000030756E-3,
,,,-3.04000105E-6,445.000022650E-3,
,,,-3.00800116E-6,445.000022650E-3,
,,,-2.97600104E-6,441.000014544E-3,
,,,-2.94400115E-6,441.000014544E-3,
,,,-2.91200104E-6,441.000014544E-3,
,,,-2.88000115E-6,441.000014544E-3,
,,,-2.84800103E-6,437.000006437E-3,
,,,-2.81600114E-6,437.000006437E-3,
,,,-2.78400103E-6,437.000006437E-3,
,,,-2.75200114E-6,433.000028133E-3,
,,,-2.72000102E-6,433.000028133E-3,
,,,-2.6880011E-6,433.000028133E-3,
,,,-2.6560012E-6,433.000028133E-3,
,,,-2.6240011E-6,429.000020027E-3,
,,,-2.5920012E-6,429.000020027E-3,
,,,-2.5600011E-6,429.000020027E-3,
,,,-2.5280012E-6,425.000011921E-3,
,,,-2.4960011E-6,425.000011921E-3,
,,,-2.4640012E-6,425.000011921E-3,
,,,-2.4320011E-6,425.000011921E-3,
,,,-2.4000012E-6,421.000033617E-3,
,,,-2.3680011E-6,421.000033617E-3,
,,,-2.3360012E-6,421.000033617E-3,
,,,-2.3040011E-6,421.000033617E-3,
,,,-2.2720012E-6,417.000025511E-3,
,,,-2.2400011E-6,417.000025511E-3,
,,,-2.2080012E-6,417.000025511E-3,
,,,-2.1760011E-6,413.000017405E-3,
,,,-2.1440012E-6,413.000017405E-3,
,,,-2.1120011E-6,409.000009298E-3,
,,,-2.0800012E-6,409.000009298E-3,
,,,-2.0480011E-6,409.000009298E-3,
,,,-2.0160012E-6,409.000009298E-3,
,,,-1.9840011E-6,409.000009298E-3,
,,,-1.9520012E-6,405.000030994E-3,
,,,-1.9200011E-6,409.000009298E-3,
,,,-1.8880012E-6,405.000030994E-3,
,,,-1.8560012E-6,405.000030994E-3,
,,,-1.8240012E-6,401.00002289E-3,
,,,-1.7920012E-6,401.00002289E-3,
,,,-1.7600012E-6,401.00002289E-3,
,,,-1.7280012E-6,397.00001478E-3,
,,,-1.6960012E-6,397.00001478E-3,
,,,-1.6640012E-6,397.00001478E-3,
,,,-1.6320012E-6,393.00000668E-3,
,,,-1.6000012E-6,397.00001478E-3,
,,,-1.5680012E-6,397.00001478E-3,
,,,-1.5360012E-6,393.00000668E-3,
,,,-1.5040011E-6,393.00000668E-3,
,,,-1.4720011E-6,389.00002837E-3,
,,,-1.4400011E-6,389.00002837E-3,
,,,-1.4080011E-6,389.00002837E-3,
,,,-1.3760011E-6,389.00002837E-3,
,,,-1.3440011E-6,385.00002027E-3,
,,,-1.3120011E-6,385.00002027E-3,
,,,-1.2800011E-6,385.00002027E-3,
,,,-1.2480011E-6,385.00002027E-3,
,,,-1.2160011E-6,385.00002027E-3,
,,,-1.1840011E-6,381.00001216E-3,
,,,-1.1520012E-6,385.00002027E-3,
,,,-1.1200012E-6,381.00001216E-3,
,,,-1.0880012E-6,381.00001216E-3,
,,,-1.0560012E-6,377.00000405E-3,
,,,-1.0240012E-6,377.00000405E-3,
,,,-992.001218947E-9,377.00000405E-3,
,,,-960.001216299E-9,373.00002575E-3,
,,,-928.001156808E-9,369.00001764E-3,
,,,-896.001211004E-9,373.00002575E-3,
,,,-864.001208356E-9,373.00002575E-3,
,,,-832.001205708E-9,369.00001764E-3,
,,,-800.001203061E-9,369.00001764E-3,
,,,-768.001200413E-9,365.00000954E-3,
,,,-736.001197765E-9,369.00001764E-3,
,,,-704.001195118E-9,369.00001764E-3,
,,,-672.001192470E-9,365.00000954E-3,
,,,-640.001189822E-9,361.00003123E-3,
,,,-608.001187175E-9,369.00001764E-3,
,,,-576.001184527E-9,365.00000954E-3,
,,,-544.001181879E-9,365.00000954E-3,
,,,-512.001179231E-9,365.00000954E-3,
,,,-480.001176584E-9,361.00003123E-3,
,,,-448.001202358E-9,361.00003123E-3,
,,,-416.001199710E-9,361.00003123E-3,
,,,-384.00119706E-9,357.00002313E-3,
,,,-352.00119441E-9,357.00002313E-3,
,,,-320.00119177E-9,357.00002313E-3,
,,,-288.00118912E-9,357.00002313E-3,
,,,-256.00121489E-9,353.00001502E-3,
,,,-224.00119803E-9,353.00001502E-3,
,,,-192.00120960E-9,353.00001502E-3,
,,,-160.00120695E-9,353.00001502E-3,
,,,-128.0012043E-9,349.00000691E-3,
,,,-96.001201655E-9,353.00001502E-3,
,,,-64.001206113E-9,345.00002861E-3,
,,,-32.00120702E-9,345.00002861E-3,
,,,-1.2079226E-12,345.00002861E-3,
,,,31.99879117E-9,345.00002861E-3,
,,,63.998790267E-9,345.00002861E-3,
,,,95.998785810E-9,345.00002861E-3,
,,,127.9987885E-9,341.00002050E-3,
,,,159.99879110E-9,341.00002050E-3,
,,,191.99879375E-9,341.00002050E-3,
,,,223.99878219E-9,341.00002050E-3,
,,,255.99877063E-9,337.00001240E-3,
,,,287.99877327E-9,337.00001240E-3,
,,,319.99877592E-9,333.00000429E-3,
,,,351.99877857E-9,337.00001240E-3,
,,,383.99878122E-9,337.00001240E-3,
,,,415.998783865E-9,329.00002599E-3,
,,,447.998786512E-9,333.00000429E-3,
,,,479.998789160E-9,333.00000429E-3,
,,,511.998791808E-9,333.00000429E-3,
,,,543.998794456E-9,333.00000429E-3,
,,,575.998797103E-9,329.00002599E-3,
,,,607.998799751E-9,329.00002599E-3,
,,,639.998802399E-9,325.00001788E-3,
,,,671.998748203E-9,329.00002599E-3,
,,,703.998750851E-9,325.00001788E-3,
,,,735.998753498E-9,325.00001788E-3,
,,,767.998756146E-9,321.00000978E-3,
,,,799.998758794E-9,325.00001788E-3,
,,,831.998761441E-9,325.00001788E-3,
,,,863.998764089E-9,325.00001788E-3,
,,,895.998766737E-9,325.00001788E-3,
,,,927.998769384E-9,321.00000978E-3,
,,,959.998715189E-9,321.00000978E-3,
,,,991.998717836E-9,321.00000978E-3,
,,,1.0239987E-6,321.00000978E-3,
,,,1.0559987E-6,321.00000978E-3,
,,,1.0879987E-6,317.00000167E-3,
,,,1.1199987E-6,317.00000167E-3,
,,,1.1519987E-6,317.00000167E-3,
,,,1.1839987E-6,317.00000167E-3,
,,,1.2159987E-6,313.00002337E-3,
,,,1.2479987E-6,313.00002337E-3,
,,,1.2799987E-6,313.00002337E-3,
,,,1.3119987E-6,309.00001526E-3,
,,,1.3439987E-6,309.00001526E-3,
,,,1.3759987E-6,309.00001526E-3,
,,,1.4079988E-6,309.00001526E-3,
,,,1.4399988E-6,305.00000715E-3,
,,,1.4719988E-6,309.00001526E-3,
,,,1.5039988E-6,305.00000715E-3,
,,,1.5359988E-6,305.00000715E-3,
,,,1.5679988E-6,305.00000715E-3,
,,,1.5999988E-6,305.00000715E-3,
,,,1.6319988E-6,305.00000715E-3,
,,,1.6639988E-6,305.00000715E-3,
,,,1.6959988E-6,305.00000715E-3,
,,,1.7279988E-6,300.99999905E-3,
,,,1.7599988E-6,300.99999905E-3,
,,,1.7919988E-6,297.00002074E-3,
,,,1.8239988E-6,300.99999905E-3,
,,,1.8559988E-6,300.99999905E-3,
,,,1.8879988E-6,300.99999905E-3,
,,,1.9199988E-6,300.99999905E-3,
,,,1.9519987E-6,300.99999905E-3,
,,,1.9839988E-6,300.99999905E-3,
,,,2.0159987E-6,300.99999905E-3,
,,,2.0479988E-6,297.00002074E-3,
,,,2.0799987E-6,297.00002074E-3,
,,,2.1119988E-6,297.00002074E-3,
,,,2.1439987E-6,300.99999905E-3,
,,,2.1759988E-6,297.00002074E-3,
,,,2.2079987E-6,297.00002074E-3,
,,,2.2399988E-6,293.00001264E-3,
,,,2.2719987E-6,297.00002074E-3,
,,,2.3039988E-6,297.00002074E-3,
,,,2.3359987E-6,297.00002074E-3,
,,,2.3679988E-6,293.00001264E-3,
,,,2.3999987E-6,297.00002074E-3,
,,,2.4319988E-6,297.00002074E-3,
,,,2.4639987E-6,297.00002074E-3,
,,,2.4959986E-6,297.00002074E-3,
,,,2.5279987E-6,289.00000453E-3,
,,,2.5599986E-6,293.00001264E-3,
,,,2.5919987E-6,293.00001264E-3,
,,,2.6239986E-6,289.00000453E-3,
,,,2.6559987E-6,293.00001264E-3,
,,,2.6879986E-6,293.00001264E-3,
,,,2.71999875E-6,289.00000453E-3,
,,,2.75199864E-6,289.00000453E-3,
,,,2.78399875E-6,289.00000453E-3,
,,,2.81599864E-6,289.00000453E-3,
,,,2.84799876E-6,285.00002623E-3,
,,,2.87999865E-6,285.00002623E-3,
,,,2.91199876E-6,289.00000453E-3,
,,,2.94399865E-6,285.00002623E-3,
,,,2.97599877E-6,285.00002623E-3,
,,,3.00799866E-6,285.00002623E-3,
,,,3.03999877E-6,281.00001812E-3,
,,,3.07199866E-6,281.00001812E-3,
,,,3.10399878E-6,281.00001812E-3,
,,,3.13599867E-6,277.00001001E-3,
,,,3.16799878E-6,281.00001812E-3,
,,,3.19999867E-6,277.00001001E-3,
,,,3.23199879E-6,277.00001001E-3,
,,,3.26399868E-6,277.00001001E-3,
,,,3.29599879E-6,277.00001001E-3,
,,,3.32799868E-6,277.00001001E-3,
,,,3.35999880E-6,277.00001001E-3,
,,,3.39199869E-6,277.00001001E-3,
,,,3.42399881E-6,277.00001001E-3,
,,,3.45599869E-6,273.00000191E-3,
,,,3.48799858E-6,277.00001001E-3,
,,,3.51999870E-6,273.00000191E-3,
,,,3.55199859E-6,273.00000191E-3,
,,,3.58399870E-6,273.00000191E-3,
,,,3.61599859E-6,273.00000191E-3,
,,,3.64799871E-6,273.00000191E-3,
,,,3.67999860E-6,273.00000191E-3,
,,,3.71199872E-6,269.00002360E-3,
,,,3.74399860E-6,265.00001550E-3,
,,,3.77599872E-6,269.00002360E-3,
,,,3.80799861E-6,269.00002360E-3,
,,,3.83999850E-6,269.00002360E-3,
,,,3.87199862E-6,269.00002360E-3,
,,,3.90399873E-6,269.00002360E-3,
,,,3.93599885E-6,269.00002360E-3,
,,,3.96799851E-6,265.00001550E-3,
,,,3.99999863E-6,265.00001550E-3,
,,,4.03199874E-6,265.00001550E-3,
,,,4.06399886E-6,265.00001550E-3,
,,,4.09599852E-6,265.00001550E-3,
,,,4.12799864E-6,265.00001550E-3,
,,,4.15999875E-6,265.00001550E-3,
,,,4.19199887E-6,265.00001550E-3,
,,,4.22399853E-6,261.00000739E-3,
,,,4.25599865E-6,261.00000739E-3,
,,,4.28799876E-6,261.00000739E-3,
,,,4.31999888E-6,261.00000739E-3,
,,,4.35199854E-6,256.99999928E-3,
,,,4.38399866E-6,256.99999928E-3,
,,,4.41599877E-6,261.00000739E-3,
,,,4.44799889E-6,261.00000739E-3,
,,,4.47999855E-6,261.00000739E-3,
,,,4.51199867E-6,256.99999928E-3,
,,,4.54399878E-6,256.99999928E-3,
,,,4.57599845E-6,256.99999928E-3,
,,,4.60799856E-6,256.99999928E-3,
,,,4.63999868E-6,256.99999928E-3,
,,,4.67199879E-6,256.99999928E-3,
,,,4.70399846E-6,256.99999928E-3,
,,,4.73599857E-6,256.99999928E-3,
,,,4.76799869E-6,256.99999928E-3,
,,,4.79999881E-6,253.00002098E-3,
,,,4.83199847E-6,253.00002098E-3,
,,,4.86399858E-6,253.00002098E-3,
,,,4.89599870E-6,249.00001287E-3,
,,,4.92799882E-6,253.00002098E-3,
,,,4.95999848E-6,249.00001287E-3,
,,,4.99199859E-6,253.00002098E-3,
,,,5.02399871E-6,253.00002098E-3,
,,,5.05599883E-6,249.00001287E-3,
,,,5.08799849E-6,253.00002098E-3,
,,,5.11999860E-6,253.00002098E-3,
,,,5.15199872E-6,253.00002098E-3,
,,,5.18399884E-6,253.00002098E-3,
,,,5.21599850E-6,249.00001287E-3,
,,,5.24799862E-6,249.00001287E-3,
,,,5.27999873E-6,249.00001287E-3,
,,,5.31199885E-6,245.00000477E-3,
,,,5.34399851E-6,249.00001287E-3,
,,,5.37599863E-6,245.00000477E-3,
,,,5.40799874E-6,249.00001287E-3,
,,,5.43999886E-6,245.00000477E-3,
,,,5.47199852E-6,249.00001287E-3,
,,,5.50399864E-6,249.00001287E-3,
,,,5.53599875E-6,249.00001287E-3,
,,,5.56799841E-6,245.00000477E-3,
,,,5.59999853E-6,245.00000477E-3,
,,,5.63199865E-6,245.00000477E-3,
,,,5.66399876E-6,245.00000477E-3,
,,,5.69599842E-6,245.00000477E-3,
,,,5.72799854E-6,245.00000477E-3,
,,,5.75999866E-6,245.00000477E-3,
,,,5.79199877E-6,241.00001156E-3,
,,,5.82399844E-6,245.00000477E-3,
,,,5.85599855E-6,245.00000477E-3,
,,,5.88799867E-6,245.00000477E-3,
,,,5.91999878E-6,241.00001156E-3,
,,,5.95199845E-6,237.00000346E-3,
,,,5.98399856E-6,237.00000346E-3,
,,,6.01599868E-6,237.00000346E-3,
,,,6.04799880E-6,241.00001156E-3,
,,,6.07999846E-6,237.00000346E-3,
,,,6.11199857E-6,233.00001025E-3,
,,,6.14399869E-6,237.00000346E-3,
,,,6.17599881E-6,237.00000346E-3,
,,,6.20799847E-6,237.00000346E-3,
,,,6.23999858E-6,237.00000346E-3,
,,,6.27199870E-6,233.00001025E-3,
,,,6.30399882E-6,233.00001025E-3,
,,,6.33599848E-6,237.00000346E-3,
,,,6.36799859E-6,233.00001025E-3,
,,,6.39999871E-6,233.00001025E-3,
,,,6.43199883E-6,237.00000346E-3,
,,,6.46399849E-6,233.00001025E-3,
,,,6.49599860E-6,237.00000346E-3,
,,,6.52799872E-6,237.00000346E-3,
,,,6.55999838E-6,237.00000346E-3,
,,,6.59199850E-6,229.00001705E-3,
,,,6.62399862E-6,233.00001025E-3,
,,,6.65599873E-6,233.00001025E-3,
,,,6.68799839E-6,237.00000346E-3,
,,,6.71999851E-6,233.00001025E-3,
,,,6.75199863E-6,233.00001025E-3,
,,,6.78399874E-6,233.00001025E-3,
,,,6.81599840E-6,233.00001025E-3,
,,,6.84799852E-6,233.00001025E-3,
,,,6.87999864E-6,229.00001705E-3,
,,,6.91199875E-6,233.00001025E-3,
,,,6.94399841E-6,233.00001025E-3,
,,,6.97599853E-6,229.00001705E-3,
,,,7.00799865E-6,233.00001025E-3,
,,,7.03999876E-6,237.00000346E-3,
,,,7.07199843E-6,233.00001025E-3,
,,,7.10399854E-6,233.00001025E-3,
,,,7.13599866E-6,233.00001025E-3,
,,,7.16799877E-6,225.00000894E-3,
,,,7.19999844E-6,225.00000894E-3,
,,,7.23199855E-6,233.00001025E-3,
,,,7.26399867E-6,229.00001705E-3,
,,,7.29599878E-6,229.00001705E-3,
,,,7.32799845E-6,225.00000894E-3,
,,,7.35999856E-6,229.00001705E-3,
,,,7.391998679E-6,229.00001705E-3,
,,,7.423998795E-6,233.00001025E-3,
,,,7.455998457E-6,233.00001025E-3,
,,,7.487998573E-6,229.00001705E-3,
,,,7.519998690E-6,229.00001705E-3,
,,,7.551998351E-6,225.00000894E-3,
,,,7.583998467E-6,225.00000894E-3,
,,,7.615998584E-6,225.00000894E-3,
,,,7.647998245E-6,225.00000894E-3,
,,,7.679998816E-6,225.00000894E-3,
,,,7.711998478E-6,225.00000894E-3,
,,,7.743998140E-6,225.00000894E-3,
,,,7.775998711E-6,225.00000894E-3,
,,,7.807998372E-6,225.00000894E-3,
,,,7.839998943E-6,221.00001574E-3,
,,,7.871998605E-6,217.00000763E-3,
,,,7.903998267E-6,221.00001574E-3,
,,,7.935998838E-6,221.00001574E-3,
,,,7.967998499E-6,221.00001574E-3,
,,,7.999998161E-6,221.00001574E-3,
,,,8.031998732E-6,221.00001574E-3,
,,,8.063998393E-6,217.00000763E-3,
,,,8.095998965E-6,217.00000763E-3,
,,,8.127998626E-6,217.00000763E-3,
,,,8.159998288E-6,217.00000763E-3,
,,,8.191998859E-6,217.00000763E-3,
,,,8.223998520E-6,217.00000763E-3,
,,,8.255998182E-6,217.00000763E-3,
,,,8.287998753E-6,213.00001442E-3,
,,,8.319998415E-6,217.00000763E-3,
,,,8.351998986E-6,217.00000763E-3,
,,,8.383998647E-6,217.00000763E-3,
,,,8.415998309E-6,213.00001442E-3,
,,,8.447998880E-6,213.00001442E-3,
,,,8.479998542E-6,213.00001442E-3,
,,,8.511998203E-6,209.00000632E-3,
,,,8.543998774E-6,213.00001442E-3,
,,,8.575998436E-6,209.00000632E-3,
,,,8.607998097E-6,209.00000632E-3,
,,,8.639998669E-6,205.00001311E-3,
,,,8.671998330E-6,205.00001311E-3,
,,,8.703998901E-6,209.00000632E-3,
,,,8.735998563E-6,205.00001311E-3,
,,,8.767998224E-6,205.00001311E-3,
,,,8.799998795E-6,201.00000501E-3,
,,,8.831998457E-6,205.00001311E-3,
,,,8.863998119E-6,205.00001311E-3,
,,,8.895998690E-6,205.00001311E-3,
,,,8.927998351E-6,201.00000501E-3,
,,,8.959998922E-6,201.00000501E-3,
,,,8.991998584E-6,197.00001180E-3,
,,,9.023998246E-6,197.00001180E-3,
,,,9.055998817E-6,201.00000501E-3,
,,,9.087998478E-6,201.00000501E-3,
,,,9.119998140E-6,197.00001180E-3,
,,,9.151998711E-6,197.00001180E-3,
,,,9.183998372E-6,197.00001180E-3,
,,,9.215998944E-6,197.00001180E-3,
,,,9.247998605E-6,193.00000370E-3,
,,,9.279998267E-6,193.00000370E-3,
,,,9.311998838E-6,197.00001180E-3,
,,,9.343998499E-6,197.00001180E-3,
,,,9.375998161E-6,193.00000370E-3,
,,,9.407998732E-6,189.00001049E-3,
,,,9.439998394E-6,193.00000370E-3,
,,,9.471998965E-6,193.00000370E-3,
,,,9.503998626E-6,193.00000370E-3,
,,,9.535998288E-6,193.00000370E-3,
,,,9.567998859E-6,193.00000370E-3,
,,,9.599998521E-6,193.00000370E-3,
,,,9.631998182E-6,193.00000370E-3,
,,,9.663998753E-6,189.00001049E-3,
,,,9.695998415E-6,185.00000238E-3,
,,,9.727998076E-6,189.00001049E-3,
,,,9.759998647E-6,189.00001049E-3,
,,,9.791998309E-6,185.00000238E-3,
,,,9.823998880E-6,189.00001049E-3,
,,,9.855998542E-6,185.00000238E-3,
,,,9.887998203E-6,189.00001049E-3,
,,,9.919998774E-6,185.00000238E-3,
,,,9.951998436E-6,185.00000238E-3,
,,,9.983998098E-6,189.00001049E-3,
,,,10.0159987E-6,185.00000238E-3,
,,,10.0479983E-6,185.00000238E-3,
,,,10.0799989E-6,181.00000918E-3,
,,,10.1119986E-6,181.00000918E-3,
,,,10.1439982E-6,185.00000238E-3,
,,,10.1759988E-6,181.00000918E-3,
,,,10.2079985E-6,185.00000238E-3,
,,,10.2399981E-6,177.00000107E-3,
,,,10.2719987E-6,181.00000918E-3,
,,,10.3039984E-6,181.00000918E-3,
,,,10.3359989E-6,177.00000107E-3,
,,,10.3679986E-6,181.00000918E-3,
,,,10.3999982E-6,181.00000918E-3,
,,,10.4319988E-6,177.00000107E-3,
,,,10.4639985E-6,181.00000918E-3,
,,,10.4959981E-6,177.00000107E-3,
,,,10.5279987E-6,177.00000107E-3,
,,,10.5599984E-6,177.00000107E-3,
,,,10.5919989E-6,177.00000107E-3,
,,,10.6239986E-6,177.00000107E-3,
,,,10.6559983E-6,177.00000107E-3,
,,,10.6879988E-6,177.00000107E-3,
,,,10.7199985E-6,177.00000107E-3,
,,,10.7519982E-6,177.00000107E-3,
,,,10.7839987E-6,173.00000787E-3,
,,,10.8159984E-6,177.00000107E-3,
,,,10.8479981E-6,177.00000107E-3,
,,,10.8799986E-6,173.00000787E-3,
,,,10.9119983E-6,177.00000107E-3,
,,,10.9439989E-6,173.00000787E-3,
,,,10.9759985E-6,173.00000787E-3,
,,,11.0079982E-6,177.00000107E-3,
,,,11.0399988E-6,173.00000787E-3,
,,,11.0719984E-6,173.00000787E-3,
,,,11.1039981E-6,173.00000787E-3,
,,,11.1359986E-6,173.00000787E-3,
,,,11.1679983E-6,173.00000787E-3,
,,,11.1999989E-6,173.00000787E-3,
,,,11.2319985E-6,173.00000787E-3,
,,,11.2639982E-6,177.00000107E-3,
,,,11.2959988E-6,169.00001466E-3,
,,,11.3279984E-6,173.00000787E-3,
,,,11.3599981E-6,173.00000787E-3,
,,,11.3919987E-6,173.00000787E-3,
,,,11.4239983E-6,173.00000787E-3,
,,,11.4559989E-6,173.00000787E-3,
,,,11.4879986E-6,169.00001466E-3,
,,,11.5199982E-6,173.00000787E-3,
,,,11.5519988E-6,173.00000787E-3,
,,,11.5839985E-6,169.00001466E-3,
,,,11.6159981E-6,169.00001466E-3,
,,,11.6479987E-6,169.00001466E-3,
,,,11.6799984E-6,169.00001466E-3,
,,,11.7119980E-6,165.00000656E-3,
,,,11.7439986E-6,169.00001466E-3,
,,,11.7759982E-6,169.00001466E-3,
,,,11.8079988E-6,165.00000656E-3,
,,,11.8399985E-6,169.00001466E-3,
,,,11.8719981E-6,169.00001466E-3,
,,,11.9039987E-6,165.00000656E-3,
,,,11.9359984E-6,169.00001466E-3,
,,,11.9679980E-6,165.00000656E-3,
,,,11.9999986E-6,169.00001466E-3,
,,,12.0319983E-6,165.00000656E-3,
,,,12.0639988E-6,165.00000656E-3,
,,,12.0959985E-6,165.00000656E-3,
,,,12.1279982E-6,165.00000656E-3,
,,,12.1599987E-6,161.00001335E-3,
,,,12.1919984E-6,161.00001335E-3,
,,,12.2239981E-6,161.00001335E-3,
,,,12.2559986E-6,157.00000525E-3,
,,,12.2879983E-6,157.00000525E-3,
,,,12.3199989E-6,157.00000525E-3,
,,,12.3519985E-6,157.00000525E-3,
,,,12.3839982E-6,157.00000525E-3,
,,,12.4159988E-6,153.00001204E-3,
,,,12.4479984E-6,153.00001204E-3,
,,,12.4799981E-6,149.00000393E-3,
,,,12.5119986E-6,149.00000393E-3,
,,,12.5439983E-6,149.00000393E-3,
,,,12.5759989E-6,149.00000393E-3,
,,,12.6079985E-6,149.00000393E-3,
,,,12.6399982E-6,145.0000107E-3,
,,,12.6719988E-6,145.0000107E-3,
,,,12.7039984E-6,149.00000393E-3,
,,,12.7359981E-6,145.0000107E-3,
,,,12.7679987E-6,145.0000107E-3,
,,,12.7999983E-6,141.0000026E-3,
,,,12.8319980E-6,141.0000026E-3,
,,,12.8639986E-6,141.0000026E-3,
,,,12.8959982E-6,145.0000107E-3,
,,,12.9279988E-6,145.0000107E-3,
,,,12.9599985E-6,145.0000107E-3,
,,,12.9919981E-6,141.0000026E-3,
,,,13.0239987E-6,145.0000107E-3,
,,,13.0559984E-6,141.0000026E-3,
,,,13.0879980E-6,141.0000026E-3,
,,,13.1199986E-6,141.0000026E-3,
,,,13.1519982E-6,141.0000026E-3,
,,,13.1839988E-6,141.0000026E-3,
,,,13.2159985E-6,141.0000026E-3,
,,,13.2479981E-6,141.0000026E-3,
,,,13.2799987E-6,141.0000026E-3,
,,,13.3119984E-6,137.0000094E-3,
,,,13.3439980E-6,137.0000094E-3,
,,,13.3759986E-6,141.0000026E-3,
,,,13.4079983E-6,137.0000094E-3,
,,,13.4399988E-6,137.0000094E-3,
,,,13.4719985E-6,137.0000094E-3,
,,,13.5039982E-6,141.0000026E-3,
,,,13.5359987E-6,141.0000026E-3,
,,,13.5679984E-6,137.0000094E-3,
,,,13.5999981E-6,133.0000013E-3,
,,,13.6319986E-6,137.0000094E-3,
,,,13.6639983E-6,141.0000026E-3,
,,,13.6959989E-6,141.0000026E-3,
,,,13.7279985E-6,137.0000094E-3,
,,,13.7599982E-6,137.0000094E-3,
,,,13.7919988E-6,141.0000026E-3,
,,,13.8239984E-6,137.0000094E-3,
,,,13.8559981E-6,141.0000026E-3,
,,,13.8879986E-6,141.0000026E-3,
,,,13.9199983E-6,137.0000094E-3,
,,,13.9519980E-6,141.0000026E-3,
,,,13.9839985E-6,141.0000026E-3,
,,,14.0159982E-6,141.0000026E-3,
,,,14.0479988E-6,141.0000026E-3,
,,,14.0799984E-6,141.0000026E-3,
,,,14.1119981E-6,141.0000026E-3,
,,,14.1439987E-6,141.0000026E-3,
,,,14.1759983E-6,141.0000026E-3,
,,,14.2079980E-6,137.0000094E-3,
,,,14.2399986E-6,137.0000094E-3,
,,,14.2719982E-6,133.0000013E-3,
,,,14.3039988E-6,137.0000094E-3,
,,,14.3359985E-6,137.0000094E-3,
,,,14.3679981E-6,137.0000094E-3,
,,,14.3999987E-6,137.0000094E-3,
,,,14.4319984E-6,137.0000094E-3,
,,,14.4639980E-6,137.0000094E-3,
,,,14.4959986E-6,137.0000094E-3,
,,,14.5279982E-6,137.0000094E-3,
,,,14.5599988E-6,137.0000094E-3,
,,,14.5919985E-6,141.0000026E-3,
,,,14.6239981E-6,133.0000013E-3,
,,,14.6559987E-6,137.0000094E-3,
,,,14.6879984E-6,141.0000026E-3,
,,,14.7199980E-6,137.0000094E-3,
,,,14.7519986E-6,137.0000094E-3,
,,,14.7839983E-6,141.0000026E-3,
,,,14.8159979E-6,137.0000094E-3,
,,,14.8479985E-6,137.0000094E-3,
,,,14.8799982E-6,141.0000026E-3,
,,,14.9119987E-6,141.0000026E-3,
,,,14.9439984E-6,137.0000094E-3,
,,,14.9759981E-6,141.0000026E-3,
,,,15.0079986E-6,141.0000026E-3,
,,,15.0399983E-6,137.0000094E-3,
,,,15.0719980E-6,141.0000026E-3,
,,,15.1039985E-6,141.0000026E-3,
,,,15.1359982E-6,137.0000094E-3,
,,,15.1679988E-6,145.0000107E-3,
,,,15.1999984E-6,141.0000026E-3,
,,,15.2319981E-6,141.0000026E-3,
,,,15.2639986E-6,141.0000026E-3,
,,,15.2959983E-6,141.0000026E-3,
,,,15.3279980E-6,141.0000026E-3,
,,,15.3599976E-6,141.0000026E-3,
,,,15.3919991E-6,141.0000026E-3,
,,,15.4239988E-6,141.0000026E-3,
,,,15.4559984E-6,141.0000026E-3,
,,,15.4879981E-6,141.0000026E-3,
,,,15.5199978E-6,141.0000026E-3,
,,,15.5519992E-6,145.0000107E-3,
,,,15.5839989E-6,141.0000026E-3,
,,,15.6159986E-6,141.0000026E-3,
,,,15.6479982E-6,137.0000094E-3,
,,,15.6799979E-6,141.0000026E-3,
,,,15.7119975E-6,141.0000026E-3,
,,,15.7439990E-6,141.0000026E-3,
,,,15.7759987E-6,145.0000107E-3,
,,,15.8079984E-6,141.0000026E-3,
,,,15.8399980E-6,141.0000026E-3,
,,,15.8719977E-6,141.0000026E-3,
,,,15.9039992E-6,141.0000026E-3,
,,,15.9359988E-6,141.0000026E-3,
,,,15.9679985E-6,137.0000094E-3,
,,,15.9999981E-6,141.0000026E-3,
,,,16.0319978E-6,137.0000094E-3,
,,,16.0639975E-6,137.0000094E-3,
,,,16.0959989E-6,137.0000094E-3,
,,,16.1279986E-6,137.0000094E-3,
,,,16.1599983E-6,137.0000094E-3,
,,,16.1919979E-6,137.0000094E-3,
,,,16.2239976E-6,137.0000094E-3,
,,,16.2559991E-6,137.0000094E-3,
,,,16.2879987E-6,137.0000094E-3,
,,,16.3199984E-6,133.0000013E-3,
,,,16.3519981E-6,133.0000013E-3,
,,,16.3839977E-6,137.0000094E-3,
,,,16.4159992E-6,137.0000094E-3,
,,,16.4479989E-6,133.0000013E-3,
,,,16.4799985E-6,133.0000013E-3,
,,,16.5119982E-6,133.0000013E-3,
,,,16.5439978E-6,133.0000013E-3,
,,,16.5759975E-6,133.0000013E-3,
,,,16.6079990E-6,133.0000013E-3,
,,,16.6399986E-6,133.0000013E-3,
,,,16.6719983E-6,133.0000013E-3,
,,,16.7039980E-6,129.0000081E-3,
,,,16.7359976E-6,129.0000081E-3,
,,,16.7679991E-6,129.0000081E-3,
,,,16.7999988E-6,129.0000081E-3,
,,,16.8319984E-6,125.0000000E-3,
,,,16.8639981E-6,129.0000081E-3,
,,,16.8959978E-6,129.0000081E-3,
,,,16.9279974E-6,125.0000000E-3,
,,,16.9599989E-6,125.0000000E-3,
,,,16.9919986E-6,125.0000000E-3,
,,,17.0239982E-6,125.0000000E-3,
,,,17.0559979E-6,125.0000000E-3,
,,,17.0879975E-6,125.0000000E-3,
,,,17.1199990E-6,125.0000000E-3,
,,,17.1519987E-6,125.0000000E-3,
,,,17.1839984E-6,125.0000000E-3,
,,,17.2159980E-6,125.0000000E-3,
,,,17.2479977E-6,125.0000000E-3,
,,,17.2799992E-6,121.0000068E-3,
,,,17.3119988E-6,125.0000000E-3,
,,,17.3439985E-6,125.0000000E-3,
,,,17.3759981E-6,121.0000068E-3,
,,,17.4079978E-6,121.0000068E-3,
,,,17.4399975E-6,121.0000068E-3,
,,,17.4719989E-6,125.0000000E-3,
,,,17.5039986E-6,125.0000000E-3,
,,,17.5359983E-6,125.0000000E-3,
,,,17.5679979E-6,121.0000068E-3,
,,,17.5999976E-6,121.0000068E-3,
,,,17.6319991E-6,125.0000000E-3,
,,,17.6639987E-6,121.0000068E-3,
,,,17.6959984E-6,121.0000068E-3,
,,,17.7279981E-6,121.0000068E-3,
,,,17.7599977E-6,121.0000068E-3,
,,,17.7919974E-6,121.0000068E-3,
,,,17.8239989E-6,121.0000068E-3,
,,,17.8559985E-6,121.0000068E-3,
,,,17.8879982E-6,121.0000068E-3,
,,,17.9199978E-6,121.0000068E-3,
,,,17.9519975E-6,121.0000068E-3,
,,,17.9839990E-6,117.0000061E-3,
,,,18.0159986E-6,121.0000068E-3,
,,,18.0479983E-6,121.0000068E-3,
,,,18.0799980E-6,117.0000061E-3,
,,,18.1119976E-6,117.0000061E-3,
,,,18.1439991E-6,113.0000055E-3,
,,,18.1759988E-6,117.0000061E-3,
,,,18.2079984E-6,117.0000061E-3,
,,,18.2399981E-6,113.0000055E-3,
,,,18.2719978E-6,113.0000055E-3,
,,,18.3039974E-6,113.0000055E-3,
,,,18.3359989E-6,109.0000048E-3,
,,,18.3679986E-6,113.0000055E-3,
,,,18.3999982E-6,105.0000042E-3,
,,,18.4319979E-6,109.0000048E-3,
,,,18.4639975E-6,105.0000042E-3,
,,,18.4959990E-6,105.0000042E-3,
,,,18.5279987E-6,101.0000035E-3,
,,,18.5599984E-6,97.000002861E-3,
,,,18.5919980E-6,101.0000035E-3,
,,,18.6239977E-6,97.000002861E-3,
,,,18.6559992E-6,97.000002861E-3,
,,,18.6879988E-6,93.000002205E-3,
,,,18.7199985E-6,93.000002205E-3,
,,,18.7519981E-6,89.000001550E-3,
,,,18.7839978E-6,89.000001550E-3,
,,,18.8159975E-6,89.000001550E-3,
,,,18.8479989E-6,89.000001550E-3,
,,,18.8799986E-6,85.000000894E-3,
,,,18.9119983E-6,85.000000894E-3,
,,,18.9439979E-6,81.000000238E-3,
,,,18.9759976E-6,85.000000894E-3,
,,,19.0079991E-6,85.000000894E-3,
,,,19.0399987E-6,85.000000894E-3,
,,,19.0719984E-6,81.000000238E-3,
,,,19.1039981E-6,81.000000238E-3,
,,,19.1359977E-6,81.000000238E-3,
,,,19.1679974E-6,76.999999583E-3,
,,,19.1999989E-6,76.999999583E-3,
,,,19.2319985E-6,76.999999583E-3,
,,,19.2639982E-6,76.999999583E-3,
,,,19.2959978E-6,76.999999583E-3,
,,,19.3279975E-6,76.999999583E-3,
,,,19.3599990E-6,73.000006378E-3,
,,,19.3919986E-6,76.999999583E-3,
,,,19.4239983E-6,76.999999583E-3,
,,,19.4559980E-6,76.999999583E-3,
,,,19.4879976E-6,76.999999583E-3,
,,,19.5199991E-6,76.999999583E-3,
,,,19.5519988E-6,76.999999583E-3,
,,,19.5839984E-6,76.999999583E-3,
,,,19.6159981E-6,76.999999583E-3,
,,,19.6479978E-6,73.000006378E-3,
,,,19.6799974E-6,76.999999583E-3,
,,,19.7119989E-6,76.999999583E-3,
,,,19.7439986E-6,76.999999583E-3,
,,,19.7759982E-6,76.999999583E-3,
,,,19.8079979E-6,76.999999583E-3,
,,,19.8399975E-6,73.000006378E-3,
,,,19.8719990E-6,73.000006378E-3,
,,,19.9039987E-6,76.999999583E-3,
,,,19.9359984E-6,76.999999583E-3,
,,,19.9679980E-6,76.999999583E-3,
,,,19.9999977E-6,76.999999583E-3,
,,,20.0319973E-6,76.999999583E-3,
,,,20.0639988E-6,76.999999583E-3,
,,,20.09599848E-6,76.999999583E-3,
,,,20.12799814E-6,76.999999583E-3,
,,,20.15999780E-6,81.000000238E-3,
,,,20.19199746E-6,76.999999583E-3,
,,,20.22399894E-6,76.999999583E-3,
,,,20.25599861E-6,81.000000238E-3,
,,,20.28799827E-6,81.000000238E-3,
,,,20.31999793E-6,76.999999583E-3,
,,,20.35199759E-6,76.999999583E-3,
,,,20.38399907E-6,76.999999583E-3,
,,,20.41599873E-6,81.000000238E-3,
,,,20.44799839E-6,81.000000238E-3,
,,,20.47999806E-6,76.999999583E-3,
,,,20.51199772E-6,81.000000238E-3,
,,,20.54399738E-6,81.000000238E-3,
,,,20.57599886E-6,81.000000238E-3,
,,,20.60799852E-6,76.999999583E-3,
,,,20.63999818E-6,76.999999583E-3,
,,,20.67199785E-6,76.999999583E-3,
,,,20.70399751E-6,81.000000238E-3,
,,,20.73599899E-6,76.999999583E-3,
,,,20.76799865E-6,81.000000238E-3,
,,,20.79999831E-6,81.000000238E-3,
,,,20.83199797E-6,76.999999583E-3,
,,,20.86399763E-6,81.000000238E-3,
,,,20.89599730E-6,81.000000238E-3,
,,,20.92799878E-6,81.000000238E-3,
,,,20.95999844E-6,76.999999583E-3,
,,,20.99199810E-6,76.999999583E-3,
,,,21.02399776E-6,81.000000238E-3,
,,,21.05599742E-6,76.999999583E-3,
,,,21.08799890E-6,76.999999583E-3,
,,,21.11999856E-6,76.999999583E-3,
,,,21.15199823E-6,76.999999583E-3,
,,,21.18399789E-6,81.000000238E-3,
,,,21.21599755E-6,76.999999583E-3,
,,,21.24799903E-6,76.999999583E-3,
,,,21.27999869E-6,76.999999583E-3,
,,,21.31199835E-6,76.999999583E-3,
,,,21.34399801E-6,81.000000238E-3,
,,,21.37599768E-6,81.000000238E-3,
,,,21.40799734E-6,73.000006378E-3,
,,,21.43999882E-6,76.999999583E-3,
,,,21.47199848E-6,76.999999583E-3,
,,,21.50399814E-6,76.999999583E-3,
,,,21.53599780E-6,81.000000238E-3,
,,,21.56799746E-6,76.999999583E-3,
,,,21.59999895E-6,76.999999583E-3,
,,,21.63199861E-6,76.999999583E-3,
,,,21.66399827E-6,81.000000238E-3,
,,,21.69599793E-6,81.000000238E-3,
,,,21.72799759E-6,76.999999583E-3,
,,,21.75999907E-6,76.999999583E-3,
,,,21.79199873E-6,81.000000238E-3,
,,,21.82399840E-6,81.000000238E-3,
,,,21.85599806E-6,76.999999583E-3,
,,,21.88799772E-6,76.999999583E-3,
,,,21.91999738E-6,76.999999583E-3,
,,,21.95199886E-6,73.000006378E-3,
,,,21.98399852E-6,81.000000238E-3,
,,,22.01599818E-6,76.999999583E-3,
,,,22.04799785E-6,76.999999583E-3,
,,,22.07999751E-6,73.000006378E-3,
,,,22.11199899E-6,73.000006378E-3,
,,,22.14399865E-6,73.000006378E-3,
,,,22.17599831E-6,76.999999583E-3,
,,,22.20799797E-6,76.999999583E-3,
,,,22.23999763E-6,76.999999583E-3,
,,,22.27199730E-6,73.000006378E-3,
,,,22.30399878E-6,73.000006378E-3,
,,,22.33599844E-6,76.999999583E-3,
,,,22.36799810E-6,76.999999583E-3,
,,,22.39999776E-6,76.999999583E-3,
,,,22.43199742E-6,81.000000238E-3,
,,,22.46399890E-6,73.000006378E-3,
,,,22.49599856E-6,76.999999583E-3,
,,,22.52799823E-6,76.999999583E-3,
,,,22.55999789E-6,76.999999583E-3,
,,,22.59199755E-6,76.999999583E-3,
,,,22.62399903E-6,81.000000238E-3,
,,,22.65599869E-6,76.999999583E-3,
,,,22.68799835E-6,76.999999583E-3,
,,,22.71999801E-6,76.999999583E-3,
,,,22.75199768E-6,81.000000238E-3,
,,,22.78399734E-6,76.999999583E-3,
,,,22.81599882E-6,76.999999583E-3,
,,,22.84799848E-6,76.999999583E-3,
,,,22.87999814E-6,76.999999583E-3,
,,,22.91199780E-6,76.999999583E-3,
,,,22.94399746E-6,76.999999583E-3,
,,,22.97599895E-6,76.999999583E-3,
,,,23.00799861E-6,81.000000238E-3,
,,,23.03999827E-6,76.999999583E-3,
,,,23.07199793E-6,81.000000238E-3,
,,,23.10399759E-6,76.999999583E-3,
,,,23.13599725E-6,76.999999583E-3,
,,,23.16799873E-6,81.000000238E-3,
,,,23.19999840E-6,76.999999583E-3,
,,,23.23199806E-6,76.999999583E-3,
,,,23.26399772E-6,76.999999583E-3,
,,,23.29599738E-6,76.999999583E-3,
,,,23.32799886E-6,76.999999583E-3,
,,,23.35999852E-6,76.999999583E-3,
,,,23.39199818E-6,76.999999583E-3,
,,,23.42399785E-6,76.999999583E-3,
,,,23.45599751E-6,73.000006378E-3,
,,,23.48799899E-6,76.999999583E-3,
,,,23.51999865E-6,76.999999583E-3,
,,,23.55199831E-6,73.000006378E-3,
,,,23.58399797E-6,73.000006378E-3,
,,,23.61599763E-6,73.000006378E-3,
,,,23.64799730E-6,73.000006378E-3,
,,,23.67999878E-6,73.000006378E-3,
,,,23.71199844E-6,73.000006378E-3,
,,,23.74399810E-6,73.000006378E-3,
,,,23.77599776E-6,73.000006378E-3,
,,,23.80799742E-6,69.000005722E-3,
,,,23.83999890E-6,73.000006378E-3,
,,,23.87199856E-6,69.000005722E-3,
,,,23.90399823E-6,69.000005722E-3,
,,,23.93599789E-6,69.000005722E-3,
,,,23.96799755E-6,69.000005722E-3,
,,,23.99999721E-6,69.000005722E-3,
,,,24.03199869E-6,69.000005722E-3,
,,,24.06399835E-6,69.000005722E-3,
,,,24.09599801E-6,69.000005722E-3,
,,,24.12799768E-6,69.000005722E-3,
,,,24.15999734E-6,69.000005722E-3,
,,,24.19199882E-6,65.000005066E-3,
,,,24.22399848E-6,69.000005722E-3,
,,,24.25599814E-6,69.000005722E-3,
,,,24.28799780E-6,65.000005066E-3,
,,,24.31999746E-6,61.000000685E-3,
,,,24.35199895E-6,65.000005066E-3,
,,,24.38399861E-6,65.000005066E-3,
,,,24.41599827E-6,65.000005066E-3,
